<favourites>
    <favourite name="1. VKontakte [COLOR red](Account Nodig!)[/COLOR]" thumb="C:\Users\Aram Ghamoyan\AppData\Roaming\Kodi\addons\xbmc-vk.svoka.com\icon.png">ActivateWindow(10025,&quot;plugin://xbmc-vk.svoka.com/?content_type=video&quot;,return)</favourite>
    <favourite name="2. Filmix.Net" thumb="C:\Users\Aram Ghamoyan\AppData\Roaming\Kodi\addons\plugin.video.filmix.net.dev\icon.png">ActivateWindow(10025,&quot;plugin://plugin.video.filmix.net.dev/&quot;,return)</favourite>
    <favourite name="3. [COLOR=FFCB00FF]Line[/COLOR][COLOR=FFFFF000]Cinema[/COLOR]" thumb="C:\Users\Aram Ghamoyan\AppData\Roaming\Kodi\addons\plugin.video.linecinema\icon.png">ActivateWindow(10025,&quot;plugin://plugin.video.linecinema/&quot;,return)</favourite>
    <favourite name="4. [COLOR FFFFFFFF]Kinolist.net[/COLOR]" thumb="C:\Users\Aram Ghamoyan\AppData\Roaming\Kodi\addons\plugin.video.kinolist.net\icon.png">ActivateWindow(10025,&quot;plugin://plugin.video.kinolist.net/&quot;,return)</favourite>
</favourites>