<?xml version="1.0" encoding="UTF-8"?>
<window type="window" id="2000">
    <defaultcontrol always="false">3</defaultcontrol>
    <backgroundcolor>background</backgroundcolor>
    <allowoverlay>no</allowoverlay>
    <include>OpenClose</include>
    <controls>
        <include>BlackBackground</include>
        <control type="label" id="1" description="Header label">
            <left>960</left>
            <top>40</top>
            <width>960</width>
            <height>60</height>
            <align>center</align>
            <aligny>bottom</aligny>
            <textcolor>$VAR[diffusetext]</textcolor>
            <font>size42</font>
            <label>13406</label>
        </control>
        <control type="group" description="Group 3 Plain list">
            <control type="image">
                <visible>Control.IsVisible(3)</visible>
                <left>230</left>
                <centertop>540</centertop>
                <width>500</width>
                <height>700</height>
                <aspectratio>keep</aspectratio>
                <info>ListItem.Thumb</info>
            </control>
            <control type="label">
                <left>30</left>
                <width>900</width>
                <height>80</height>
                <font>size33</font>
                <align>center</align>
                <label>$INFO[ListItem.Label]</label>
            </control>
            <control type="group">
                <left>960</left>
                <top>128</top>
                <control type="list" id="3">
                    <width>920</width>
                    <height>888</height>
                    <onleft>5</onleft>
                    <onright>60</onright>
                    <onup>6</onup>
                    <ondown>5</ondown>
                    <pagecontrol>60</pagecontrol>
                    <scrolltime>250</scrolltime>
                    <focusposition>3</focusposition>
                    <movement>4</movement>
                    <preloaditems>4</preloaditems>
                    <itemlayout width="890" height="111">
                        <control type="group">
                            <control type="label" description="Main Label">
                                <posx>45</posx>
                                <width>725</width>
                                <include>BigListTitle</include>
                                <label>$INFO[ListItem.label]</label>
                            </control>
                        </control>
                        <control type="label" description="Label2">
                            <visible>[!IsEmpty(ListItem.Artist) | Container.Content(Movies) | Container.Content(TvShows)] + !Container.Content(songs)</visible>
                            <posx>45</posx>
                            <include>BigListDetails</include>
                            <label>$INFO[ListItem.label2]</label>
                        </control>
                    </itemlayout>
                    <focusedlayout width="890" height="111">
                        <control type="image">
                            <animation effect="fade" end="0" time="30">UnFocus</animation>
                            <posx>10</posx>
			    <width>898</width>
                            <height>86</height>
                            <texture colordiffuse="$VAR[diffuseselect]">images/buttonselect1.png</texture>
                        </control>
                        <control type="group">
                             <control type="label" description="Main Label">
                                <posx>45</posx>
                                <width>725</width>
                                <include>BigListTitleFO</include>
                                <label>$INFO[ListItem.label]</label>
                            </control>
                        </control>
                        <control type="label" description="Label2">
                            <visible>[!IsEmpty(ListItem.Artist) | Container.Content(Movies) | Container.Content(TvShows)] + !Container.Content(songs)</visible>
                            <posx>45</posx>
                            <width>630</width>
                            <include>BigListDetailsFO</include>
                            <label>$INFO[ListItem.label2]</label>
                        </control>
                    </focusedlayout>
                </control>
            </control>
        </control>
        <control type="group" description="Available Addons">
            <visible>Control.IsVisible(6)</visible>
            <control type="group">
                <left>960</left>
                <top>128</top>
                <include>LargeListItemCount</include>
                <control type="list" id="6">
                    <width>920</width>
                    <height>888</height>
                    <onleft>5</onleft>
                    <onright>60</onright>
                    <onup>6</onup>
                    <ondown>5</ondown>
                    <pagecontrol>60</pagecontrol>
                    <scrolltime>250</scrolltime>
                    <focusposition>3</focusposition>
                    <movement>4</movement>
                    <preloaditems>4</preloaditems>
                    <itemlayout width="890" height="111">
                        <control type="group">
                            <!--<animation condition="IsEmpty(ListItem.Label2)" effect="slide" end="0,18" time="0" reversible="true">Conditional</animation>-->
                            <control type="label" description="Main Label">
                                <posx>45</posx>
                                <width>725</width>
                                <include>BigListTitle</include>
                                <label>$INFO[ListItem.label]</label>
                            </control>
                        </control>
                        <control type="label" description="Label2">
                            <visible>[!IsEmpty(ListItem.Artist) | Container.Content(Movies) | Container.Content(TvShows)] + !Container.Content(songs)</visible>
                            <posx>45</posx>
                            <include>BigListDetails</include>
                            <label>$INFO[ListItem.label2]</label>
                        </control>
                    </itemlayout>
                    <focusedlayout width="890" height="111">
                        <control type="image">
                            <animation effect="fade" end="0" time="30">UnFocus</animation>
                            <posx>10</posx>
			    <width>898</width>
                            <height>86</height>
                            <texture colordiffuse="$VAR[diffuseselect]">images/buttonselect1.png</texture>
                        </control>
                        <control type="group">
                            <!--<animation condition="IsEmpty(ListItem.Label2)" effect="slide" start="0,0" end="0,18" time="0" reversible="true">Conditional</animation>-->
                            <control type="label" description="Main Label">
                                <posx>45</posx>
                                <width>725</width>
                                <include>BigListTitleFO</include>
                                <label>$INFO[ListItem.label]</label>
                            </control>
                        </control>
                        <control type="label" description="Label2">
                            <visible>[!IsEmpty(ListItem.Artist) | Container.Content(Movies) | Container.Content(TvShows)] + !Container.Content(songs)</visible>
                            <posx>45</posx>
                            <width>630</width>
                            <include>BigListDetailsFO</include>
                            <label>$INFO[ListItem.label2]</label>
                        </control>
                    </focusedlayout>
                </control>
            </control>
        </control>
            <control type="image" description="Item Thumb">
                <centerleft>480</centerleft>
                <centertop>480</centertop>
                <width>700</width>
                <height>700</height>
                <fadetime>200</fadetime>
                <texture>$INFO[Container(6).ListItem.Icon]</texture>
                <aspectratio>keep</aspectratio>
            </control>
        <control type="group" description="Button 5">
            <control type="button" id="5" description="decision button">
                <left>960</left>
                <top>968</top>
                <height>110</height>
                <width>898</width>
                <font>size33</font>
                <texture colordiffuse="$VAR[diffuseselect]">images/buttonselect1.png</texture>
                <label>-</label>
                <onleft>3</onleft>
                <onright>3</onright>
                <onup>3</onup>
                <ondown>3</ondown>
            </control>
        </control>
        <control type="scrollbar" id="60">
            <visible>Control.IsVisible(3)</visible>
            <posx>16r</posx>
            <top>135</top>
            <height>870</height>
            <onleft>3</onleft>
            <onright>noop</onright>
        </control>
        <control type="scrollbar" id="60">
            <visible>Control.IsVisible(6)</visible>
            <posx>16r</posx>
            <top>135</top>
            <height>870</height>
            <onleft>6</onleft>
            <onright>noop</onright>
        </control>
    </controls>
</window>
