<?xml version="1.0" encoding="UTF-8" standalone="yes"?>
<addon id="repository.unofficial.addon.pro"
                name="Unofficial [COLOR FF757677]Open[/COLOR][COLOR FF8ABEE2]ELEC[/COLOR] Mediacenter OS Add-ons"
                version="4.0.0"
                provider-name="unofficial.addon.pro">
        <extension point="xbmc.addon.repository"
                name="Unfficial OpenELEC.tv Add-on Repository">
                <info>http://unofficial.addon.pro/addons/4.1/Generic/x86_64/addons.xml</info>
                <checksum>http://unofficial.addon.pro/addons/4.1/Generic/x86_64/addons.xml.md5</checksum>
                <datadir zip="true">http://unofficial.addon.pro/addons/4.1/Generic/x86_64</datadir>
        </extension>
        <extension point="xbmc.addon.metadata">
                <summary>Unofficial addon repository for OpenELEC</summary>
                <description>Unofficial addon repository for OpenELEC</description>
                <disclaimer>This is an unofficial addon repository. please don't ask for support in openelec forum / irc channel</disclaimer>
                <platform>all</platform>
        </extension>
</addon>
