<?xml version="1.0" encoding="UTF-8"?>
<window id="2001">
    <defaultcontrol always="true">300</defaultcontrol>
    <allowoverlay>no</allowoverlay>
    <backgroundcolor>background</backgroundcolor>
    <coordinates>
        <origin x="0" y="0" />
    </coordinates>
    <include>OpenClose</include>
    <controls>
        <include>BlackBackground</include>
        <control type="group">
            <include>BlackBackground</include>
            <control type="group">
                <control type="image" description="Thumb">
                    <left>153</left>
                    <top>49</top>
                    <width>688</width>
                    <height>699</height>
                    <include>Icon_Fade</include>
                    <texture background="true" fallback="defaultalbumcover.png">$INFO[ListItem.Icon]</texture>
                    <aspectratio aligny="bottom">keep</aspectratio>
                </control>
                <control type="group" description="Songs and Music Videos">
                    <top>80</top>
                    <control type="group">
                        <top>705</top>
                        <control type="label" description="Artist">
                            <visible>IsEmpty(ListItem.Album)</visible>
                            <posx>111</posx>
			    <top>0</top>
                            <font>size33</font>
                            <textcolor>$VAR[diffusetext]</textcolor>
                            <width>608</width>
                            <height>36</height>
                            <align>left</align>
                            <scroll>false</scroll>
                            <label>$INFO[ListItem.Artist]</label>
                        </control>
                        <control type="label" description="Album">
                            <posx>111</posx>
			    <top>0</top>
                            <font>size33</font>
                            <textcolor>$VAR[diffusetext]</textcolor>
                            <width>880</width>
                            <height>36</height>
                            <align>left</align>
                            <scroll>false</scroll>
                            <label>$INFO[ListItem.Album]</label>
                        </control>
                        <control type="image" description="Rating">
                            <posx>111</posx>
			    <top>42</top>
                            <height>27</height>
                            <width>150</width>
                            <colordiffuse>black</colordiffuse>
                            <aspectratio align="left">keep</aspectratio>
                            <texture colordiffuse="White">$INFO[ListItem.StarRating]</texture>
                        </control>
                        <control type="image" description="Separator">
                    	    <top>80</top>
                    	    <posx>60</posx>
                    	    <height>1</height>
                    	    <width>880</width>
                    	    <aspectratio>stretch</aspectratio>
                    	    <texture colordiffuse="$VAR[diffuselines]">lines/Line1.png</texture>
                	</control>
		 	<control type="image" description="Separator">
                    	    <top>230</top>
                    	    <posx>60</posx>
                    	    <height>1</height>
                    	    <width>880</width>
                            <aspectratio>stretch</aspectratio>
                    	    <texture colordiffuse="$VAR[diffuselines]">lines/Line1.png</texture>
                	</control>
                        <control type="grouplist" description="Labels">
                            <posx>111</posx>
                            <top>85</top>
                            <width>880</width>
                            <orientation>vertical</orientation>
                            <control type="label" description="Album">
                                <visible>!IsEmpty(ListItem.Album)</visible>
                                <font>size26</font>
                                <width>880</width>
                                <height>30</height>
				<align>left</align>
                                <scroll>false</scroll>
                                <label>    $LOCALIZE[557]:  [COLOR=White]$INFO[ListItem.Artist,, • ]$INFO[ListItem.Year][/COLOR]</label>
                            </control>
                            <control type="label" description="Genre">
                                <font>size26</font>
                                <width>880</width>
                                <height>30</height>
				<align>left</align>
                                <label>   $LOCALIZE[515]:  [COLOR=White]$INFO[ListItem.Genre][/COLOR]</label>
                            </control>
                            <control type="label" description="RecordLabel">
                                <visible>!IsEmpty(ListItem.Album)</visible>
                                <font>size26</font>
                                <width>880</width>
                                <height>30</height>
				<align>left</align>
                                <label>    $LOCALIZE[21899]:  [COLOR=White]$INFO[ListItem.Property(Album_Label)][/COLOR]</label>
                            </control>
                        </control>
                    </control>
                </control>
                <control type="textbox" description="Plot" id="4">
                    <left>1000</left>
                    <top>140</top>
                    <width>870</width>
                    <height>799</height>
                    <font>size28</font>
                    <align>justify</align>
                    <autoscroll delay="6500" time="4000" repeat="10000"></autoscroll>
                </control>
            </control>
        </control>
        <control type="image">
            <top>1000</top>
            <height>80</height>
            <width>1920</width>
            <aspectratio>stretch</aspectratio>
            <texture colordiffuse="white">images/BlackT.png</texture>
        </control>
        <control type="group" description="Options">
            <control type="grouplist" id="300">
                <posx>15</posx>
                <top>1000</top>
                <width>1890</width>
                <height>80</height>
                <itemgap>0</itemgap>
                <aligny>bottom</aligny>
                <align>center</align>
                <onup>51</onup>
                <orientation>horizontal</orientation>
                <control type="button" id="5" description="Switch">
                    <height>80</height>
                    <width>330</width>
                    <label>-</label>
                    <font>size27</font>
                    <onclick>SetFocus(51)</onclick>
                </control>
                <control type="button" id="6" description="Refresh">
                    <height>80</height>
                    <width>330</width>
                    <label>184</label>
                    <font>size27</font>
                </control>
                <control type="button" id="10" description="Get Thumb">
                    <height>80</height>
                    <width>330</width>
                    <label>13405</label>
                    <font>size27</font>
                </control>
                <control type="button" id="12" description="Get FanArt">
                    <height>80</height>
                    <width>330</width>
                    <label>20413</label>
                    <font>size27</font>
                </control>
            </control>
        </control>
        <control type="group">
            <control type="label">
                <visible>Control.IsVisible(51) + Container.Content(Artists)</visible>
                <include>HeadingR</include>
                <label>21888</label>
            </control>
            <control type="label">
                <visible>Control.IsVisible(51) + Container.Content(Albums)</visible>
                <include>HeadingR</include>
                <label>182</label>
            </control>
            <control type="list" id="51">
                <posx>960</posx>
                <top>111</top>
                <width>920</width>
                <height>890</height>
                <onup>noop</onup>
                <ondown>300</ondown>
                <onleft>300</onleft>
                <onright>300</onright>
                <orientation>vertical</orientation>
                <scrolltime>250</scrolltime>
                <itemlayout width="890" height="111">
                    <control type="label" description="Main Label">
                        <posx>45</posx>
                        <width>725</width>
                        <include>BigListTitle</include>
                        <label>$INFO[ListItem.label]</label>
                    </control>
                </itemlayout>
                <focusedlayout width="890" height="111">
                    <include>LargeSelector</include>
                    <control type="label" description="Main Label">
                        <posx>45</posx>
                        <width>725</width>
                        <include>BigListTitleFO</include>
                        <label>$INFO[ListItem.label]</label>
                    </control>
                </focusedlayout>
            </control>
        </control>
    </controls>
</window>
