<?xml version="1.0" encoding="UTF-8"?>
<window>
    <views>11,12</views>
    <defaultcontrol>11</defaultcontrol>
    <allowoverlay>no</allowoverlay>
    <backgroundcolor>background</backgroundcolor>
    <include>OpenClose</include>
    <controls>
        <include>BlackBackground</include>
        <control type="label" id="29">
            <description>passes the values up one level</description>
            <visible>False</visible>
        </control>
        <control type="label" id="30">
            <description>passes the values up one level</description>
            <visible>False</visible>
        </control>
        <control type="group">
            <description>Small Media Window</description>
            <include>Icon_Fade</include>
            <control type="image">
                <visible>!Player.HasMedia</visible>
                <posx>120</posx>
                <top>80</top>
                <width>760</width>
                <height>495</height>
                <texture>special://home/addons\skin.aram\pvr.png</texture>
            </control>
            <control type="videowindow">
                <posx>120</posx>
                <top>80</top>
                <width>760</width>
                <height>495</height>
                <visible>Player.HasVideo</visible>
            </control>
            <control type="visualisation">
                <posx>120</posx>
                <top>80</top>
                <width>760</width>
                <height>495</height>
                <visible>Player.HasAudio</visible>
            </control>
        </control>
        <control type="group" id="50">
            <include>OpenClose</include>


            <control type="group">
                <description>TV Channels group</description>
                <visible>Control.IsVisible(11)</visible>
                <include>VisibleFade</include>
                <control type="grouplist">
                    <top>600</top>
                    <posx>120</posx>
                    <itemgap>15</itemgap>
                    <control type="label">
                        <width>790</width>
                        <height>30</height>
                        <font>size26</font>
                        <textcolor>gray</textcolor>
                        <align>center</align>
                        <visible>Container(11).ListItem.HasEpg</visible>
                        <label>$INFO[Container(11).ListItem.StartTime] • [COLOR=red][B]$INFO[Container(11).ListItem.Title][/B][/COLOR] • $INFO[Container(11).ListItem.EndTime]</label>
                    </control>
                    <control type="label">
                        <width>760</width>
                        <height>30</height>
                        <font>font12</font>
                        <textcolor>gray</textcolor>
                        <align>center</align>
                        <scroll>false</scroll>
                        <visible>!IsEmpty(Container(11).ListItem.NextTitle)</visible>
                        <label>$LOCALIZE[19031]: $INFO[Container(11).ListItem.NextTitle]</label>
                    </control>
                    <control type="progress">
                        <description>Progressbar</description>
                        <posx>100</posx>
                        <width>760</width>
                        <height>8</height>
                        <texturebg border="6,6,6,6">MusicOSD/ProgressBG.png</texturebg>
                        <midtexture border="6,6,6,6">MusicOSD/ProgressM.png</midtexture>
                        <righttexture border="0,6,0,6">MusicOSD/ProgressR.png</righttexture>
                        <lefttexture border="0,6,0,6">MusicOSD/ProgressL.png</lefttexture>
                        <visible>Container(11).ListItem.HasEpg</visible>
                        <info>Container(11).ListItem.Progress</info>
                    </control>
                    <control type="textbox">
                        <description>Plot Value for TVShow</description>
                        <width>760</width>
                        <height>280</height>
                        <align>justify</align>
                        <label>$INFO[Container(11).ListItem.Plot]</label>
                        <autoscroll time="2000" delay="3000" repeat="5000">true</autoscroll>
                    </control>
                </control>
                <control type="group">
                    <left>1020</left>
                    <top>131</top>
                    <include>LargeListItemCount</include>
                    <control type="fixedlist" id="11">
                        <width>802</width>
                        <height>888</height>
                        <onleft>9000</onleft>
                        <onright condition="!Skin.HasSetting(Scrollbars_Passive)">60</onright>
                        <onright condition="Skin.HasSetting(Scrollbars_Passive)">noop</onright>
                        <onup>11</onup>
                        <ondown>11</ondown>
                        <pagecontrol>60</pagecontrol>
                        <viewtype label="535">list</viewtype>
                        <focusposition>3</focusposition>
                        <movement>4</movement>
                        <preloaditems>4</preloaditems>
                        <scrolltime>250</scrolltime>
                        <itemlayout width="802" height="111">
                            <!--control type="image">
                                <width>802</width>
                                <height>1</height>
                                <texture colordiffuse="$VAR[diffuselines]">lines/Line.png</texture>
                            </control-->
                            <control type="label">
                                <animation condition="IsEmpty(ListItem.Title)" effect="slide" start="0,0" end="0,18" time="0" reversible="true">Conditional</animation>
                                <width>45</width>
								<left>40</left>
                                <height>75</height>
                                <align>right</align>
                                <aligny>center</aligny>
                                <textcolor>gray</textcolor>
                                <font>font10</font>
                                <label>$INFO[ListItem.Channelnumber]</label>
                            </control>
                            <control type="label">
                                <animation condition="IsEmpty(ListItem.Title)" effect="slide" start="0,0" end="0,20" time="0" reversible="true">Conditional</animation>
                                <left>70</left>
                                <width>900</width>
                                <selectedcolor>red</selectedcolor>
                                <align>left</align>
                                <aligny>center</aligny>
                                <width>900</width>
                                <include>BigListTitle</include>
                                <info>ListItem.Label</info>
                            </control>
                            <control type="label">
                                <description>Label 2 Title</description>
                                <left>45</left>
                                <width>900</width>
                                <include>BigListDetails</include>
                                <info>ListItem.Title</info>
                            </control>
                            <include>statusbiglist</include>
                        </itemlayout>
                        <focusedlayout height="111" width="802">
                            <!--control type="image">
                                <width>802</width>
                                <height>1</height>
                                <texture colordiffuse="$VAR[diffuselines]">lines/Line.png</texture>
                            </control-->
                            <control type="image" description="selector">
                                <animation effect="fade" end="0" time="30">UnFocus</animation>
                                <width>802</width>
                                <height>111</height>
                                <texture>images/buttonselect1.png</texture>
                                <colordiffuse>$VAR[diffuseselect]</colordiffuse>
                            </control>
                            <control type="label">
                                <animation condition="IsEmpty(ListItem.Title)" effect="slide" start="0,0" end="0,18" time="0" reversible="true">Conditional</animation>
                                <width>45</width>
								<left>40</left>
                                <height>75</height>
                                <align>right</align>
                                <aligny>center</aligny>
                                <textcolor>gray</textcolor>
                                <font>font10</font>
                                <label>$INFO[ListItem.Channelnumber]</label>
                            </control>
                            <control type="label">
                                <animation condition="IsEmpty(ListItem.Title)" effect="slide" start="0,0" end="0,20" time="0" reversible="true">Conditional</animation>
                                <left>70</left>
                                <width>900</width>
                                <selectedcolor>red</selectedcolor>
                                <align>left</align>
                                <aligny>center</aligny>
                                <width>900</width>
                                <include>BigListTitle</include>
                                <info>ListItem.Label</info>
                            </control>
                            <control type="label">
                                <description>Label 2 Title</description>
                                <left>45</left>
                                <width>900</width>
                                <include>BigListDetails</include>
                                <info>ListItem.Title</info>
                            </control>
                            <include>statusbiglist</include>
                        </focusedlayout>
                    </control>
                </control>
                <control type="image">
                    <left>1020</left>
                    <width>1</width>
                    <height>1080</height>
                    <texture colordiffuse="$VAR[diffuselines]">lines/LineV.png</texture>
                </control>
                <control type="scrollbar" id="60">
                    <posx>39r</posx>
                    <top>135</top>
                    <height>870</height>
                    <onleft>11</onleft>
                    <onright>noop</onright>
                </control>
                <control type="label">
                    <description>Page Count Label</description>
                    <posx>40r</posx>
                    <top>50r</top>
                    <width>500</width>
                    <height>20</height>
                    <font>font10</font>
                    <textcolor>gray</textcolor>
                    <scroll>false</scroll>
                    <align>right</align>
                    <aligny>center</aligny>
                    <label>$LOCALIZE[31000] ([COLOR=White]$INFO[Container(11).CurrentPage]/$INFO[Container(11).NumPages][/COLOR])</label>
                </control>
            </control>




            <control type="group">
                <description>Radio Channels group</description>
                <visible>Control.IsVisible(12)</visible>
                <include>VisibleFade</include>
                <control type="grouplist">
                    <top>600</top>
                    <posx>120</posx>
                    <itemgap>15</itemgap>
                    <control type="label">
                        <width>760</width>
                        <height>30</height>
                        <font>Size26</font>
                        <textcolor>gray</textcolor>
                        <align>center</align>
                        <visible>Container(12).ListItem.HasEpg</visible>
                        <label>$INFO[Container(12).ListItem.StartTime] • [COLOR=red][B]$INFO[Container(12).ListItem.Title][/B][/COLOR] • $INFO[Container(12).ListItem.EndTime]</label>
                    </control>
                    <control type="label">
                        <width>760</width>
                        <height>30</height>
                        <font>font12</font>
                        <textcolor>gray</textcolor>
                        <align>center</align>
                        <scroll>false</scroll>
                        <visible>!IsEmpty(Container(12).ListItem.NextTitle)</visible>
                        <label>$LOCALIZE[19031]: $INFO[Container(12).ListItem.NextTitle]</label>
                    </control>
                    <control type="progress">
                        <description>Progressbar</description>
                        <posx>100</posx>
                        <width>760</width>
                        <height>8</height>
                        <texturebg border="6,6,6,6">MusicOSD/ProgressBG.png</texturebg>
                        <midtexture border="6,6,6,6">MusicOSD/ProgressM.png</midtexture>
                        <righttexture border="0,6,0,6">MusicOSD/ProgressR.png</righttexture>
                        <lefttexture border="0,6,0,6">MusicOSD/ProgressL.png</lefttexture>
                        <visible>Container(12).ListItem.HasEpg</visible>
                        <info>Container(12).ListItem.Progress</info>
                    </control>
                    <control type="textbox">
                        <description>Plot Value for RadioShow</description>
                        <width>760</width>
                        <height>280</height>
                        <align>justify</align>
                        <label>$INFO[Container(12).ListItem.Plot]</label>
                        <autoscroll time="2000" delay="3000" repeat="5000">true</autoscroll>
                    </control>
                </control>
                <control type="group">
                    <posx>1020</posx>
                    <top>131</top>
                    <control type="fixedlist" id="12">
                        <include>SlimListItemCount</include>
                        <width>802</width>
                        <height>891</height>
                        <onleft>9000</onleft>
                        <onright condition="!Skin.HasSetting(Scrollbars_Passive)">60</onright>
                        <onright condition="Skin.HasSetting(Scrollbars_Passive)">noop</onright>
                        <onup>12</onup>
                        <ondown>12</ondown>
                        <pagecontrol>60</pagecontrol>
                        <viewtype label="535">list</viewtype>
                        <focusposition>5</focusposition>
                        <movement>5</movement>
                        <preloaditems>4</preloaditems>
                        <scrolltime>250</scrolltime>
                        <itemlayout width="802" height="81">
                            <control type="label">
                                <left>10</left>
                                <width>45</width>
                                <height>75</height>
                                <font>font10</font>
                                <align>right</align>
                                <aligny>center</aligny>
                                <textcolor>gray</textcolor>
                                <scroll>false</scroll>
                                <info>ListItem.ChannelNumber</info>
                            </control>
                            <control type="label">
                                <left>90</left>
                                <include>52MainLabel</include>
                                <label>$INFO[ListItem.Label]</label>
                            </control>
                            <control type="image">
								<posy>9</posy>
                                <left>690</left>
                                <width>82</width>
                                <height>62</height>
                                <texture>$INFO[ListItem.Icon]</texture>
                            </control>
                            <control type="image">
                                <left>5</left>
                                <width>30</width>
                                <height>30</height>
                                <texture>pvr/Rec.png</texture>
                                <visible>ListItem.IsRecording</visible>
                            </control>
                            <!--control type="image">
                                <width>802</width>
                                <height>1</height>
                                <texture colordiffuse="$VAR[diffuselines]">lines/Line.png</texture>
                            </control-->
                        </itemlayout>
                        <focusedlayout width="802" height="81">
                            <control type="image">
                                <width>802</width>
                                <height>81</height>
                                <texture>images/buttonselect1.png</texture>
                                <colordiffuse>$VAR[diffuseselect]</colordiffuse>
                            </control>
                            <control type="label">
                                <left>10</left>
                                <width>45</width>
                                <height>75</height>
                                <font>font10</font>
                                <align>right</align>
                                <aligny>center</aligny>
                                <textcolor>gray</textcolor>
                                <info>ListItem.ChannelNumber</info>
                            </control>
                            <control type="label">
                                <left>90</left>
                                <textcolor>gray</textcolor>
                                <include>52MainLabel</include>
                                <label>$INFO[ListItem.Label]</label>
                            </control>
                            <control type="image">
								<posy>9</posy>
                                <left>690</left>
                                <width>82</width>
                                <height>62</height>
                                <texture>$INFO[ListItem.Icon]</texture>
                            </control>
                            <control type="image">
                                <left>5</left>
                                <width>30</width>
                                <height>30</height>
                                <texture>pvr/Rec.png</texture>
                                <visible>ListItem.IsRecording</visible>
                            </control>
                            <!--control type="image">
                                <width>802</width>
                                <height>1</height>
                                <texture colordiffuse="$VAR[diffuselines]">lines/Line.png</texture>
                            </control-->
                        </focusedlayout>
                    </control>
                </control>
                <control type="scrollbar" id="60">
                    <posx>39r</posx>
                    <top>135</top>
                    <height>870</height>
                    <onleft>11</onleft>
                    <onright>noop</onright>
                </control>
                <control type="label">
                    <description>Page Count Label</description>
                    <posx>40r</posx>
                    <top>50r</top>
                    <width>500</width>
                    <height>20</height>
                    <font>font10</font>
                    <textcolor>gray</textcolor>
                    <scroll>false</scroll>
                    <align>right</align>
                    <aligny>center</aligny>
                    <label>$LOCALIZE[31000] ([COLOR=White]$INFO[Container(12).CurrentPage]/$INFO[Container(12).NumPages][/COLOR])</label>
                </control>
                <control type="image">
                    <posx>1020</posx>
                    <width>1</width>
                    <height>1080</height>
                    <texture>lines/LineV.png</texture>
                </control>
            </control>

        </control>
        <include>WindowsTopInfos</include>


        <include>PVRsidemenu</include>

    </controls>
</window>
