<?xml version="1.0" encoding="UTF-8"?>
<includes>
    <default type="label">
        <posx>0</posx>
        <top>0</top>
        <height>75</height>
        <align>left</align>
        <aligny>center</aligny>
        <font>size33</font>
        <textcolor>$VAR[diffusetext]</textcolor>
        <focusedcolor>$VAR[textfo]</focusedcolor>
        <selectedcolor>White</selectedcolor>
        <disabledcolor>Disabled</disabledcolor>       
        <scroll>true</scroll>
        <scrollspeed>50</scrollspeed>
        <scrollsuffix> • </scrollsuffix>
    </default>
    <default type="fadelabel">
        <posx>0</posx>
        <top>0</top>
        <height>75</height>
        <align>left</align>
        <aligny>center</aligny>
        <font>size33</font>
        <textoffsetx>30</textoffsetx>
        <textcolor>$VAR[diffusetext]</textcolor>
        <focusedcolor>$VAR[textfo]</focusedcolor>
        <selectedcolor>White</selectedcolor>
        <disabledcolor>Disabled</disabledcolor>
        <scrollout>false</scrollout>
        <pauseatend>3000</pauseatend>
        <scrollsuffix> •  • </scrollsuffix>
    </default>
    <default type="textbox">
        <font>size28</font>
        <textcolor>$VAR[diffusetext]</textcolor>
        <focusedcolor>$VAR[textfo]</focusedcolor>
        <selectedcolor>White</selectedcolor>
        <disabledcolor>Disabled</disabledcolor>
        <pagecontrol>61</pagecontrol>
        <pulseonselect></pulseonselect>
        <autoscroll delay="10000" time="3000" repeat="10000"></autoscroll>
    </default>
    <default type="image">
        <!--<posx>0</posx>-->
        <!--<top>0</top>-->
        <align>center</align>
        <aligny>center</aligny>
        <aspectratio>stretch</aspectratio>
    </default>
    <default type="button">
        <posx>0</posx>
        <top>0</top>
        <width>380</width>
        <height>70</height>
        <align>center</align>
        <aligny>center</aligny>
        <font>size33</font>
        <textoffsetx>30</textoffsetx>
        <textcolor>White</textcolor>
        <focusedcolor>$VAR[textfo]</focusedcolor>
        <selectedcolor>White</selectedcolor>
        <disabledcolor>Disabled</disabledcolor>
        <invalidcolor>invalid</invalidcolor>
        <texturefocus colordiffuse="$VAR[diffuseselect]">images/buttonselect1.png</texturefocus>
        <pulseonselect>false</pulseonselect>
    </default>
    <!--default type="button">
        <posx>0</posx>
        <top>0</top>
        <width>390</width>
        <height>75</height>
        <align>center</align>
        <aligny>center</aligny>
        <font>size33</font>
        <textoffsetx>30</textoffsetx>
        <textcolor>White</textcolor>
        <focusedcolor>$VAR[textfo]</focusedcolor>
        <selectedcolor>White</selectedcolor>
        <disabledcolor>Disabled</disabledcolor>
        <invalidcolor>invalid</invalidcolor>
        <texturefocus colordiffuse="$VAR[diffuseselect]">images/buttonselect3.png</texturefocus>
        <pulseonselect>false</pulseonselect>
    </default-->			
    <default type="edit">
        <posx>0</posx>
        <top>0</top>
        <width>390</width>
        <height>75</height>
        <align>center</align>
        <aligny>center</aligny>
        <font>size33</font>
        <textoffsetx>30</textoffsetx>
        <textcolor>White</textcolor>
        <focusedcolor>White</focusedcolor>
        <selectedcolor>White</selectedcolor>
        <disabledcolor>Disabled</disabledcolor>
        <invalidcolor>invalid</invalidcolor>
        <texturefocus colordiffuse="$VAR[diffuseselect]">images/buttonselect1.png</texturefocus>
        <pulseonselect>false</pulseonselect>
    </default>
    <default type="togglebutton">
        <posx>0</posx>
        <top>0</top>
        <width>450</width>
        <height>75</height>
        <align>center</align>
        <aligny>center</aligny>
        <font>size33</font>
        <textoffsetx>30</textoffsetx>
        <textcolor>$VAR[diffusetext]</textcolor>
        <focusedcolor>$VAR[textfo]</focusedcolor>
        <selectedcolor>White</selectedcolor>
        <altselectedcolor>Yellow</altselectedcolor>
        <disabledcolor>Disabled</disabledcolor>
        <texturefocus colordiffuse="$VAR[diffuseselect]">images/buttonselect1.png</texturefocus>
        <alttexturefocus colordiffuse="$VAR[diffuseselect]">images/buttonselect1.png</alttexturefocus>
        <aligny>center</aligny>
        <pulseonselect>false</pulseonselect>
    </default>
    <default type="radiobutton">
        <posx>0</posx>
        <top>0</top>
        <height>74</height>
        <align>left</align>
        <aligny>center</aligny>
        <font>size33</font>
        <textcolor>$VAR[diffusetext]</textcolor>
        <focusedcolor>$VAR[textfo]</focusedcolor>
        <selectedcolor>White</selectedcolor>
        <disabledcolor>Disabled</disabledcolor>
        <radiowidth>46</radiowidth>
        <radioheight>46</radioheight>
        <texturefocus colordiffuse="$VAR[diffuseselect]">images/buttonselect1.png</texturefocus>
        <textureradiofocus aspectratio="keep">images/RadioON.png</textureradiofocus>
        <textureradionofocus aspectratio="keep">images/RadioOFF.png</textureradionofocus>
        <textoffsetx>30</textoffsetx>
        <!--<radioposx>262</radioposx>-->
        <pulseonselect>false</pulseonselect>
    </default>
    <default type="spincontrol">
        <posx>0</posx>
        <top>0</top>
        <textureup>images/ArrowUpNF.png</textureup>
        <textureupfocus colordiffuse="$VAR[bgcolor2]">images/ArrowUpFO.png</textureupfocus>
        <texturedown>images/ArrowDownNF.png</texturedown>
        <texturedownfocus colordiffuse="$VAR[bgcolor2]">images/ArrowDownFO.png</texturedownfocus>
        <texturefocus colordiffuse="$VAR[diffuseselect]">images/buttonselect1.png</texturefocus>
        <spinwidth>40</spinwidth>
        <spinheight>40</spinheight>
        <font>size33</font>
        <textcolor>$VAR[diffusetext]</textcolor>
        <focusedcolor>$VAR[textfo]</focusedcolor>
        <selectedcolor>White</selectedcolor>
        <disabledcolor>Disabled</disabledcolor>
        <textoffsetx>30</textoffsetx>
        <align>left</align>
        <aligny>center</aligny>
        <reverse>yes</reverse>
        <pulseonselect>false</pulseonselect>
    </default>
    <default type="spincontrolex">
        <posx>0</posx>
        <top>0</top>
        <width>450</width>
        <height>75</height> 
	    <font>size33</font>
        <textureup>images/ArrowUpNF.png</textureup>
        <textureupfocus colordiffuse="$VAR[bgcolor2]">images/ArrowUpFO.png</textureupfocus>
        <texturedown>images/ArrowDownNF.png</texturedown>
        <texturedownfocus colordiffuse="$VAR[bgcolor2]">images/ArrowDownFO.png</texturedownfocus>
        <texturefocus colordiffuse="$VAR[diffuseselect]">images/buttonselect1.png</texturefocus>
        <spinwidth>40</spinwidth>
        <spinheight>40</spinheight>
        <textcolor>$VAR[diffusetext]</textcolor>
        <focusedcolor>$VAR[textfo]</focusedcolor>
        <selectedcolor>White</selectedcolor>
        <disabledcolor>Disabled</disabledcolor>
        <textoffsetx>30</textoffsetx>
        <align>left</align>
        <aligny>center</aligny>
        <reverse>yes</reverse>
        <pulseonselect>false</pulseonselect>
    </default>
    <default type="slider" description="Seek Slider">
        <visible>true</visible>
        <width>711</width>
        <height>36</height>
    </default>
    <default type="sliderex" description="Default Slider">
        <posx>795</posx>
        <top>225</top>
        <height>75</height>
        <width>450</width>
        <sliderwidth>150</sliderwidth>
        <sliderheight>45</sliderheight>
        <texturesliderbar>images/slider_bg.png</texturesliderbar>
        <textureslidernib>images/slider_nib_nf.png</textureslidernib>
        <textureslidernibfocus>images/slider_nib.png</textureslidernibfocus>
        <texturefocus colordiffuse="$VAR[diffuseselect]">images/buttonselect1.png</texturefocus>
        <texturenofocus>-</texturenofocus>
        <font>size33</font>
        <aligny>center</aligny>
        <textcolor>White</textcolor>
        <focusedcolor>$VAR[textfo]</focusedcolor>
        <selectedcolor>White</selectedcolor>
        <disabledcolor>Disabled</disabledcolor>
        <textoffsetx>20</textoffsetx>
    </default>
    <default type="scrollbar">
        <left>0</left>
        <top>0</top>
        <width>11</width>
        <orientation>vertical</orientation>
        <texturesliderbackground border="4">Scrollbar/ScrollbarBG.png</texturesliderbackground>
        <texturesliderbar border="4">Scrollbar/ScrollerFO.png</texturesliderbar>
        <texturesliderbarfocus border="4" colordiffuse="$VAR[diffuseselect]">Scrollbar/ScrollerFO.png</texturesliderbarfocus>
        <pulseonselect>false</pulseonselect>
        <showonepage>false</showonepage>
    </default>
</includes>
