<?xml version="1.0" encoding="UTF-8"?>
<window>
    <controls>
        <control type="group">
            <posx>685</posx>
            <top>250</top>
            <control type="image" id="2">
                <width>550</width>
                <height>50</height>
                <texture border="150" colordiffuse="$VAR[bgcolor1]">MusicOSD/Back.png</texture>
            </control>
            <control type="group">
                <top>50</top>
                <control type="list" id="111">
                    <top>200</top>
                    <width>500</width>
                    <height>500</height>
                    <onup>111</onup>
                    <ondown>111</ondown>
                    <onleft>111</onleft>
                    <onright>111</onright>
                    <scrolltime>200</scrolltime>
                    <itemlayout height="50" width="500">
                        <control type="label">
                            <posx>250</posx>
                            <top>0</top>
                            <width>500</width>
                            <height>40</height>
                            <selectedcolor>red</selectedcolor>
                            <align>center</align>
                            <aligny>center</aligny>
                            <info>ListItem.Label</info>
                        </control>
                    </itemlayout>
                    <focusedlayout height="50" width="500">
                        <control type="image">
                            <width>500</width>
                            <height>50</height>
                            <texture border="5" colordiffuse="$VAR[diffuseselect]">images/buttonselect2.png</texture>
                            <colordiffuse></colordiffuse>
                            <visible>Control.HasFocus(111)</visible>
                        </control>
                        <control type="label">
                            <posx>250</posx>
                            <top>0</top>
                            <width>500</width>
                            <height>40</height>
                            <selectedcolor>red</selectedcolor>
                            <align>center</align>
                            <aligny>center</aligny>
                            <info>ListItem.Label</info>
                        </control>
                    </focusedlayout>
                </control>
            </control>
        </control>
    </controls>
</window>