<?xml version="1.0" encoding="UTF-8"?>
<window id="123">
  <defaultcontrol always="true">5</defaultcontrol>
  <allowoverlay>yes</allowoverlay>
  <controls>
    <control type="group">
      <left>1020</left>
      <top>0</top>
      <animation effect="slide" tween="circle" start="1050,0" end="0,0" time="400" easing="Out">windowopen</animation>
      <animation effect="slide" tween="back" start="0,0" end="1050,0" time="400" easing="In">windowclose</animation>
      <animation effect="fade" start="100" end="0" time="300" condition="Window.IsVisible(SliderDialog) | Window.IsVisible(FileBrowser)">Conditional</animation>
      <control type="image" description="background image">
        <left>-50</left>
        <width>1020</width>
		<height>1080</height>
		<aspectratio>stretch</aspectratio>
		<texture>$VAR[9000menu]</texture>
      </control>
      <control type="label" id="2" description="Title">
        <left>45</left>
		<top>20</top>
        <width>780</width>
        <include>Heading2</include>
      </control>
      <control type="grouplist" id="5" description="Settings">
        <left>15</left>
        <top>90</top>
        <width>840</width>
        <height>940</height>
        <itemgap>20</itemgap>
        <orientation>vertical</orientation>
        <pagecontrol>60</pagecontrol>
        <onup>5</onup>
        <ondown>5</ondown>
      </control>
      <control type="button" id="7">
        <align>left</align>
		<textoffsetx>20</textoffsetx>
		<aligny>center</aligny>
	    <include>DialogButt</include>
      </control>
      <control type="radiobutton" id="8">
        <align>left</align>
		<textoffsetx>20</textoffsetx>
        <aligny>center</aligny>
	    <include>DialogButt</include>
      </control>
      <control type="spincontrolex" id="9">
        <align>left</align>
		<textoffsetx>20</textoffsetx>
        <aligny>center</aligny>
	    <include>DialogButt</include>
        <reverse>yes</reverse>
      </control>
      <control type="sliderex" id="13">
        <align>left</align>
		<textoffsetx>20</textoffsetx>
        <aligny>center</aligny>
	    <include>DialogButt</include>
      </control>
    </control>
  </controls>
</window>
