<?xml version="1.0" encoding="UTF-8"?>
<window type="dialog" id="1138">
    <defaultcontrol always="true">9000</defaultcontrol>
            <animation effect="slide" start="540,0" end="0,0" time="500"reversible="true">WindowOpen</animation>
            <animation effect="slide" start="0,0" end="540,0" time="500" reversible="true">WindowClose</animation>			
    <controls>
        <control type="group" description="All dialog content">		
            <control type="image" description="List back">
                <top>290</top>
                <posx>1435</posx>
                <width>540</width>
                <height>500</height>
                <aspectratio>scale</aspectratio>
                <texture colordiffuse="$VAR[diffusemenu]">$VAR[bgimg2]</texture>
            </control>
            <control type="image" description="List back">
                <top>290</top>
                <posx>1435</posx>
                <width>540</width>
                <height>500</height>
                <aspectratio>stretch</aspectratio>
                <texture colordiffuse="$VAR[diffuseborder]">borders/skinsettingsdialog.png</texture>
            </control>						
            <control type="group">
                <control type="grouplist" id="9000">
                <left>1450</left>
                <include>DialogGLs2</include>					
                <control type="radiobutton" id="1">
                    <label>Popup BG Darkness1</label>
                    <onclick>Skin.ToggleSetting(bgdiffusemenu1)</onclick>
					<onclick condition="Skin.HasSetting(bgdiffusemenu2)">Skin.ToggleSetting(bgdiffusemenu2)</onclick>
					<onclick condition="Skin.HasSetting(bgdiffusemenu3)">Skin.ToggleSetting(bgdiffusemenu3)</onclick>
					<onclick condition="Skin.HasSetting(bgdiffusemenu4)">Skin.ToggleSetting(bgdiffusemenu4)</onclick>
					<onclick condition="Skin.HasSetting(bgdiffusemenu5)">Skin.ToggleSetting(bgdiffusemenu5)</onclick>					
                    <selected>Skin.HasSetting(bgdiffusemenu1)</selected>				
                </control>
                <control type="radiobutton" id="2">
                    <label>Popup BG Darkness2</label>
                    <onclick>Skin.ToggleSetting(bgdiffusemenu2)</onclick>
					<onclick condition="Skin.HasSetting(bgdiffusemenu1)">Skin.ToggleSetting(bgdiffusemenu1)</onclick>
					<onclick condition="Skin.HasSetting(bgdiffusemenu3)">Skin.ToggleSetting(bgdiffusemenu3)</onclick>
					<onclick condition="Skin.HasSetting(bgdiffusemenu4)">Skin.ToggleSetting(bgdiffusemenu4)</onclick>
					<onclick condition="Skin.HasSetting(bgdiffusemenu5)">Skin.ToggleSetting(bgdiffusemenu5)</onclick>					
                    <selected>Skin.HasSetting(bgdiffusemenu2)</selected>				
                </control>
                <control type="radiobutton" id="3">
                    <label>Popup BG Darkness3</label>
                    <onclick>Skin.ToggleSetting(bgdiffusemenu3)</onclick>
					<onclick condition="Skin.HasSetting(bgdiffusemenu1)">Skin.ToggleSetting(bgdiffusemenu1)</onclick>
					<onclick condition="Skin.HasSetting(bgdiffusemenu2)">Skin.ToggleSetting(bgdiffusemenu2)</onclick>
					<onclick condition="Skin.HasSetting(bgdiffusemenu4)">Skin.ToggleSetting(bgdiffusemenu4)</onclick>
					<onclick condition="Skin.HasSetting(bgdiffusemenu5)">Skin.ToggleSetting(bgdiffusemenu5)</onclick>					
                    <selected>Skin.HasSetting(bgdiffusemenu3)</selected>				
                </control>								
                <control type="radiobutton" id="4">
                    <label>Popup BG Darkness4</label>
                    <onclick>Skin.ToggleSetting(bgdiffusemenu4)</onclick>
					<onclick condition="Skin.HasSetting(bgdiffusemenu1)">Skin.ToggleSetting(bgdiffusemenu1)</onclick>
					<onclick condition="Skin.HasSetting(bgdiffusemenu2)">Skin.ToggleSetting(bgdiffusemenu2)</onclick>
					<onclick condition="Skin.HasSetting(bgdiffusemenu3)">Skin.ToggleSetting(bgdiffusemenu3)</onclick>
					<onclick condition="Skin.HasSetting(bgdiffusemenu5)">Skin.ToggleSetting(bgdiffusemenu5)</onclick>					
                    <selected>Skin.HasSetting(bgdiffusemenu4)</selected>				
                </control>
                <control type="radiobutton" id="5">
                    <label>Popup BG Darkness5</label>
                    <onclick>Skin.ToggleSetting(bgdiffusemenu5)</onclick>
					<onclick condition="Skin.HasSetting(bgdiffusemenu1)">Skin.ToggleSetting(bgdiffusemenu1)</onclick>
					<onclick condition="Skin.HasSetting(bgdiffusemenu2)">Skin.ToggleSetting(bgdiffusemenu2)</onclick>
					<onclick condition="Skin.HasSetting(bgdiffusemenu3)">Skin.ToggleSetting(bgdiffusemenu3)</onclick>
					<onclick condition="Skin.HasSetting(bgdiffusemenu4)">Skin.ToggleSetting(bgdiffusemenu4)</onclick>					
                    <selected>Skin.HasSetting(bgdiffusemenu5)</selected>				
                </control>								
                </control>
            </control>
        </control>
    </controls>
</window>
