﻿<?xml version="1.0" encoding="UTF-8" standalone="yes"?>
<addon id="plugin.video.my-hit.ru"
       name="[COLOR FF00FF00]Кино портал ([/COLOR][COLOR FFFFF000]my-hit.org[/COLOR][COLOR FF00FF00])[/COLOR]"
       version="1.2.7"
       provider-name="Silen - [COLOR red](Modified by Aram Ghamoyan)[/COLOR]">
  <requires>
    <import addon="xbmc.python" version="2.1.0"/>
	<import addon="repository.AramGhamoyan" />
  </requires>
  <extension point="xbmc.python.pluginsource"
             provides="video"
             library="default.py">
    <provides>video</provides>
  </extension>
  <extension point="xbmc.addon.metadata">
    <summary>my-hit.ru</summary>
    <description>Фильмы онлайн, наш кино портал.</description>
    <platform>all</platform>
    <website>http://xbmc.ru/forum/showthread.php?t=1415</website>
  </extension>
</addon>

