<favourites>
    <favourite name="1. YouTube" thumb="C:\Users\Aram Ghamoyan\AppData\Roaming\Kodi\addons\plugin.video.youtube\icon.png">ActivateWindow(10025,&quot;plugin://plugin.video.youtube/&quot;,return)</favourite>
	<favourite name="2. Youtube Music" thumb="special://home/addons\plugin.video.spotitube\icon.png">ActivateWindow(10025,&quot;plugin://plugin.video.spotitube/?content_type=video&amp;sf_options=desc%3DPlay+music+videos+via+Youtube%26_options_sf&quot;,return)</favourite>
	<favourite name="3. MP3 Streams" thumb="special://home/addons\plugin.audio.mp3streams\icon.png">ActivateWindow(10501,&quot;plugin://plugin.audio.mp3streams?sf_options=fanart%3Dspecial%3A%2F%2Fhome%2Faddons%5Cplugin.audio.mp3streams%5Cfanart.jpg%26desc%3DBrowse+and+stream+your+favourite+songs+and+albums%26_options_sf&quot;,return)</favourite>
	<favourite name="4. NL Radio" thumb="special://home/addons\plugin.audio.nlradio\icon.png">ActivateWindow(10501,&quot;plugin://plugin.audio.nlradio?sf_options=fanart%3Dspecial%3A%2F%2Fhome%2Faddons%5Cplugin.audio.nlradio%5Cfanart.jpg%26desc%3DLuister+eenvoudig+naar+Nederlandse+radiostreams.%26_options_sf&quot;,return)</favourite>
	<favourite name="5. PunchOUT Battles" thumb="special://home/addons\plugin.audio.punchoutbattles\icon.png">ActivateWindow(10501,&quot;plugin://plugin.audio.punchoutbattles?sf_options=fanart%3Dspecial%3A%2F%2Fhome%2Faddons%5Cplugin.audio.punchoutbattles%5Cfanart.jpg%26desc%3DMet+deze+plugin+is+het+mogelijk+om+PunchOUT+Battles+Channel+te+bekijken.%26_options_sf&quot;,return)</favourite>
	<favourite name="6. SoundCloud" thumb="special://home/addons\plugin.audio.soundcloud\icon.png">ActivateWindow(10501,&quot;plugin://plugin.audio.soundcloud?sf_options=fanart%3Dspecial%3A%2F%2Fhome%2Faddons%5Cplugin.audio.soundcloud%5Cfanart.jpg%26desc%3DSoundCloud+is+een+online+audio+distributie+platform+dat+gebruikers+in+staat+stelt+om+hun+eigen+muziekcreaties+te+uploaden%2C+opnemen%2C+promoten+en+te+delen.%26_options_sf&quot;,return)</favourite>
</favourites>