<?xml version="1.0" encoding="utf-8"?>
<window>
	<defaultcontrol always="true">11</defaultcontrol>
	<coordinates>
		<system>1</system>
		<posx>350</posx>
		<posy>125</posy>
	</coordinates>
	<animation effect="fade" time="250">WindowOpen</animation>
	<animation effect="fade" time="250">WindowClose</animation>
	<controls>
		<control type="image">
			<posx>0</posx>
			<posy>0</posy>
			<width>580</width>
			<height>470</height>
			<texture border="40">DialogBack.png</texture>
		</control>
		<control type="image">
			<description>Dialog Header image</description>
			<posx>40</posx>
			<posy>16</posy>
			<width>500</width>
			<height>40</height>
			<texture>dialogheader.png</texture>
		</control>
		<control type="label" id="1">
			<description>header label</description>
			<posx>40</posx>
			<posy>20</posy>
			<width>500</width>
			<height>30</height>
			<font>font13_title</font>
			<label>DISCLAIMER</label>
			<align>center</align>
			<aligny>center</aligny>
			<textcolor>FFEB9E17</textcolor>
			<shadowcolor>FF000000</shadowcolor>
		</control>
		<control type="button">
			<description>Close Window button</description>
			<posx>490</posx>
			<posy>15</posy>
			<width>64</width>
			<height>32</height>
			<label>-</label>
			<font>-</font>
			<onclick>PreviousMenu</onclick>
			<texturefocus>DialogCloseButton-focus.png</texturefocus>
			<texturenofocus>DialogCloseButton.png</texturenofocus>
			<onleft>10</onleft>
			<onright>10</onright>
			<onup>10</onup>
			<ondown>10</ondown>
			<visible>system.getbool(input.enablemouse)</visible>
		</control>
		<control type="group">
			<control type="textbox" id="15">
				<description>terms details</description>
				<posx>30</posx>
				<posy>75</posy>
				<width>497</width>
				<height>270</height>
				<label>iStream facilitates, using various search engines and open-source code repositories, the searching by users for third party iStream extensions.[CR][CR]iStream has no knowledge of, and cannot verify the security or legality of such third party extensions, and it is entirely a matter for the user to satisfy himself or herself regarding the safety or legality of such extensions, or the terms and conditions (including charging for content) which may be imposed by the owner of the content on such extensions.</label>
				<font>font13</font>
				<align>justify</align>
				<textcolor>white</textcolor>
				<shadowcolor>black</shadowcolor>
				<pagecontrol>61</pagecontrol>
			</control>
			<control type="scrollbar" id="61">
				<posx>532</posx>
				<posy>73</posy>
				<width>25</width>
				<height>272</height>
				<texturesliderbackground border="0,14,0,14">ScrollBarV.png</texturesliderbackground>
				<texturesliderbar border="0,14,0,14">ScrollBarV_bar.png</texturesliderbar>
				<texturesliderbarfocus border="0,14,0,14">ScrollBarV_bar_focus.png</texturesliderbarfocus>
				<textureslidernib>ScrollBarNib.png</textureslidernib>
				<textureslidernibfocus>ScrollBarNib.png</textureslidernibfocus>
				<onleft>61</onleft>
				<onright>61</onright>
				<ondown>11</ondown>
				<onup>61</onup>
				<showonepage>true</showonepage>
				<orientation>vertical</orientation>
			</control>
			<control type="image">
				<posx>10</posx>
				<posy>360</posy>
				<width>580</width>
				<height>4</height>
				<texture>separator.png</texture>
			</control>
		</control>
		<control type="button" id="10">
			<description>Decline button</description>
			<posx>85</posx>
			<posy>388</posy>
			<width>200</width>
			<height>40</height>
			<label>Cancel</label>
			<font>font12_title</font>
			<textcolor>white</textcolor>
			<focusedcolor>white</focusedcolor>
			<align>center</align>
			<onleft>11</onleft>
			<onright>11</onright>
			<onup>61</onup>
			<ondown>10</ondown>
		</control>
		<control type="button" id="11">
			<description>Accept button</description>
			<posx>305</posx>
			<posy>388</posy>
			<width>200</width>
			<height>40</height>
			<label>OK</label>
			<font>font12_title</font>
			<textcolor>white</textcolor>
			<focusedcolor>white</focusedcolor>
			<align>center</align>
			<onleft>10</onleft>
			<onright>10</onright>
			<onup>61</onup>
			<ondown>11</ondown>
		</control>
	</controls>
</window>