<?xml version="1.0" encoding="UTF-8"?>
<window id="1121">
    <defaultcontrol always="true">575</defaultcontrol>
    <allowoverlay>no</allowoverlay>
    <backgroundcolor>background</backgroundcolor>
    <controls>
        <include>BlackBackground</include>
	 <control type="label">
                <posx>1300</posx>
		<top>20</top>
                <width>290</width>
                <height>100</height>
                <font>size50</font>
		<align>center</align>
		<orientation>horizontal</orientation>
                <textcolor>$VAR[diffusetext]</textcolor>
                <label>Instellingen</label>
	    </control>
         <control type="image" description="Line">
            <posx>125</posx>
            <top>670</top>
            <height>1</height>
            <width>660</width>
            <texture colordiffuse="$VAR[diffuselines]">lines/Line.png</texture>
        </control>
        <control type="group">
            <control type="list" id="575">
                <top>128</top>
                <left>960</left>
                <width>960</width>
                <height>1000</height>
                <onleft>noop</onleft>
                <onright>noop</onright>
                <!--<onup>SetFocus(576,2)</onup>-->
                <!--<ondown>SetFocus(576,0)</ondown>-->
                <onup>575</onup>
                <ondown>575</ondown>
                <pagecontrol>60</pagecontrol>
                <viewtype label="500">500</viewtype>
                <preloaditems>4</preloaditems>
                <scrolltime tween="sine" easing="inout">280</scrolltime>
                <itemlayout width="500" height="75">
                    <control type="label" description="Main Label">
                        <left>30</left>
                        <height>75</height>
                        <width>450</width>
                        <aligny>center</aligny>
                        <scroll>false</scroll>
                        <font>size33</font>
                        <textcolor>$VAR[diffusetext]</textcolor>
                        <shadowcolor>-</shadowcolor>
                        <label>$INFO[ListItem.Label]</label>
                    </control>
                </itemlayout>
                <focusedlayout width="500" height="75">
                    <control type="image">
                        <visible>Control.HasFocus(575)</visible>
                        <posx>10</posx>
			<width>898</width>
                        <height>86</height>
                        <texture colordiffuse="$VAR[diffuseselect]">images/buttonselect1.png</texture>
                    </control>
                    <control type="label" description="Main Label">
                        <left>30</left>
                        <height>75</height>
                        <width>450</width>
                        <scroll>false</scroll>
                        <font>size33</font>
                        <textcolor>$VAR[textfo]</textcolor>
                        <shadowcolor>-</shadowcolor>
                        <label>$INFO[ListItem.Label]</label>
                    </control>
                </focusedlayout>
                <control type="button" id="700">
            <include>DialogButt</include>
            <label>HAYbox Instellingen</label>
            <onclick>Close</onclick>
           <onclick>ActivateWindow(SkinSettings)</onclick>
		   </control>
         	<control type="button" id="702">
          <include>DialogButt</include>
          <label>Systeem Informatie</label>
          <onclick>Close</onclick>
	  <onclick>activatewindow(systeminfo)</onclick>
        </control>
	<control type="button" id="705" description="Addons">
          <include>DialogButt</include>
          <label>Add-ons</label>
          <onclick>Close</onclick>
          <onclick>ActivateWindow(1118)</onclick>
		  </control>
	      <control type="button" id="706" description="Update">
          <include>DialogButt</include>
          <label>Update</label>
          <onclick>Close</onclick>
          <onclick>RunAddon($INFO[Skin.String(HomeAddon.1.Label)])</onclick>
        </control>
        </control>
        <control type="image" description="Logo">
            <animation effect="fade" time="100">VisibleChange</animation>
            <posx>265</posx>
            <top>235</top>
            <width>420</width>
            <height>420</height>
            <aspectratio>keep</aspectratio>
            <texture>$VAR[settingsmainico]</texture>
        </control>
        <control type="textbox" description="infos">
            <visible>Control.HasFocus(575)</visible>
            <centerleft>480</centerleft>
            <top>690</top>
            <width>660</width>
            <height>500</height>
            <font>size28</font>
            <scroll>false</scroll>
            <aligny>top</aligny>
            <align>center</align>
            <label>[COLOR=$VAR[diffusetext]]$VAR[settingsmain][/COLOR]</label>
        </control>
    </control>
</controls>
</window>
