<?xml version="1.0" encoding="UTF-8"?>
<includes>
        <include file="script-skinshortcuts-includes.xml"/>
	<include file="Defaults.xml" />
	<include file="Includes_Home.xml" />
	<include file="Includes_Animations.xml" />
	<include file="Includes_MediaMenu.xml" />
	<include file="Includes_Buttons.xml" />
	<include file="Includes_PVR.xml" />
	<include file="View_50_List.xml" />
	<include file="View_51_Poster.xml" />
	<include file="View_52_IconWall.xml" />
	<include file="View_53_Shift.xml" />
	<include file="View_54_InfoWall.xml" />
	<include file="View_55_WideList.xml" />
	<include file="View_500_SmallThumb.xml" />
	<include file="View_501_Banner.xml" />
	<include file="View_502_FanArt.xml" />
	<include file="Variables.xml" />
	<constant name="FanartCrossfadeTime">400</constant>
	<constant name="IconCrossfadeTime">400</constant>
	<constant name="DepthDialog">0.50</constant>
	<constant name="DepthDialog+">0.52</constant>
	<constant name="DepthDialog-">0.48</constant>
	<constant name="DepthMax">0.54</constant>
	<constant name="DepthOSD">0.40</constant>
	<constant name="DepthOSD+">0.44</constant>
	<constant name="DepthContentPopout">0.10</constant>
	<constant name="DepthBars">0.12</constant>
	<constant name="DepthBackground">-0.80</constant>
	<constant name="DepthSideBlade">0.10</constant>
	<include name="CommonScrollbars">
		<control type="group">
			<animation effect="fade" start="100" end="0" time="200" tween="sine" condition="System.HasModalDialog">Conditional</animation>
			<control type="scrollbar" id="531">
				<left>1907</left>
				<top>80</top>
				<width>13</width>
				<height>919</height>
				<onleft>50</onleft>
				<onright>50</onright>
				<orientation>vertical</orientation>
				<texturesliderbackground colordiffuse="22FFFFFF">colors/white.png</texturesliderbackground>
				<animation effect="fade" start="0" end="100" time="200" delay="300">Visible</animation>
				<animation effect="fade" start="100" end="0" time="200">Hidden</animation>
				<visible>Control.IsVisible(52) | Control.IsVisible(500) | Control.IsVisible(55) | Control.IsVisible(501)</visible>
				<animation effect="fade" start="0" end="100" delay="300" time="320">WindowOpen</animation>
				<animation effect="fade" start="100" end="0" time="150">WindowClose</animation>
			</control>
			<control type="scrollbar" id="5199">
				<left>0</left>
				<top>988</top>
				<width>1920</width>
				<height>12</height>
				<texturesliderbackground colordiffuse="22FFFFFF">colors/white.png</texturesliderbackground>
				<onup>50</onup>
				<ondown>50</ondown>
				<orientation>horizontal</orientation>
				<visible>Control.IsVisible(51) | Control.IsVisible(53)</visible>
				<animation effect="fade" start="0" end="100" time="200" delay="300">Visible</animation>
				<animation effect="fade" start="100" end="0" time="200">Hidden</animation>
				<animation effect="fade" start="0" end="100" delay="300" time="320">WindowOpen</animation>
				<animation effect="fade" start="100" end="0" time="150">WindowClose</animation>
			</control>
		</control>
	</include>
	<include name="HiddenObject">
		<left>-3000</left>
		<top>-3000</top>
		<width>1</width>
		<height>1</height>
		<texturefocus>-</texturefocus>
		<texturenofocus>-</texturenofocus>
		<label>-</label>
		<font>-</font>
	</include>
	<include name="UserRatingCircle">
		<param name="animation">False</param>
		<definition>
			<control type="group">
				<visible>!IsEmpty(ListItem.UserRating)</visible>
				<animation effect="fade" time="200" condition="$PARAM[animation]">VisibleChange</animation>
				<control type="image">
					<left>8</left>
					<top>2</top>
					<width>36</width>
					<height>36</height>
					<aspectratio>keep</aspectratio>
					<texture colordiffuse="button_focus">overlays/circle.png</texture>
				</control>
				<control type="label">
					<top>6</top>
					<align>center</align>
					<width>50</width>
					<height>32</height>
					<font>font10_title</font>
					<label>$INFO[ListItem.UserRating]</label>
				</control>
			</control>
		</definition>
	</include>
	<include name="InfoList">
		<param name="item_label">$INFO[ListItem.Year,[COLOR button_focus],[/COLOR]  -  ]$INFO[ListItem.Label]</param>
		<param name="path">$INFO[ListItem.Path]</param>
		<param name="height">200</param>
		<param name="width">1152</param>
		<param name="list_id">5000</param>
		<param name="font">font13</param>
		<param name="sortby"></param>
		<param name="sortorder">ascending</param>
		<definition>
			<control type="panel" id="$PARAM[list_id]">
				<width>$PARAM[width]</width>
				<height>$PARAM[height]</height>
				<orientation>vertical</orientation>
				<focusedlayout height="40" width="$PARAM[width]">
					<control type="label">
						<left>10</left>
						<height>50</height>
						<width>$PARAM[width]</width>
						<aligny>center</aligny>
						<label>$PARAM[item_label]</label>
						<shadowcolor>text_shadow</shadowcolor>
						<font>$PARAM[font]</font>
					</control>
				</focusedlayout>
				<itemlayout height="40" width="$PARAM[width]">
					<control type="label">
						<left>10</left>
						<height>50</height>
						<width>$PARAM[width]</width>
						<aligny>center</aligny>
						<label>$PARAM[item_label]</label>
						<shadowcolor>text_shadow</shadowcolor>
						<font>$PARAM[font]</font>
					</control>
				</itemlayout>
				<content sortby="$PARAM[sortby]" sortorder="$PARAM[sortorder]">$PARAM[path]</content>
			</control>
		</definition>
	</include>
	<include name="AudioDSPModeList">
		<control type="label">
			<left>10</left>
			<top>2</top>
			<width>470</width>
			<height>30</height>
			<font>font12_title</font>
			<label>$PARAM[sublabel]</label>
			<align>center</align>
			<aligny>center</aligny>
			<textcolor>button_focus</textcolor>
			<shadowcolor>black</shadowcolor>
		</control>
		<control type="image">
			<left>-5</left>
			<top>15</top>
			<width>510</width>
			<height>570</height>
			<texture border="40">buttons/dialogbutton-nofo.png</texture>
		</control>
		<control type="scrollbar" id="$PARAM[scrollbar_id]">
			<left>542</left>
			<top>30</top>
			<width>25</width>
			<height>350</height>
			<onleft>$PARAM[list_id]</onleft>
			<onright>$PARAM[onright]</onright>
			<orientation>vertical</orientation>
		</control>
		<control type="list" id="$PARAM[list_id]">
			<left>15</left>
			<top>35</top>
			<width>470</width>
			<height>345</height>
			<onup>9000</onup>
			<ondown>9001</ondown>
			<onleft>$PARAM[onleft]</onleft>
			<onright>$PARAM[scrollbar_id]</onright>
			<pagecontrol>$PARAM[scrollbar_id]</pagecontrol>
			<scrolltime>200</scrolltime>
			<itemlayout height="80" width="470">
				<control type="image">
					<left>0</left>
					<top>0</top>
					<width>470</width>
					<height>80</height>
					<texture border="38">lists/separator.png</texture>
				</control>
				<control type="image">
					<left>8</left>
					<top>8</top>
					<width>64</width>
					<height>64</height>
					<texture fallback="DefaultAudioDSP.png">$INFO[ListItem.Property(Icon)]</texture>
					<aspectratio aligny="center" align="left">keep</aspectratio>
				</control>
				<control type="label">
					<left>82</left>
					<top>3</top>
					<width>388</width>
					<height>40</height>
					<font>font12</font>
					<aligny>center</aligny>
					<label>$INFO[ListItem.Property(AddonName)]</label>
				</control>
				<control type="label">
					<left>82</left>
					<top>37</top>
					<width>388</width>
					<height>30</height>
					<font>font10</font>
					<aligny>center</aligny>
					<textcolor>grey</textcolor>
					<label>$INFO[ListItem.Property(Name)]</label>
				</control>
			</itemlayout>
			<focusedlayout height="80" width="470">
				<control type="image">
					<left>0</left>
					<top>0</top>
					<width>470</width>
					<height>80</height>
					<texture border="38">lists/separator.png</texture>
					<visible>!Control.HasFocus($PARAM[list_id])</visible>
				</control>
				<control type="image">
					<left>0</left>
					<top>0</top>
					<width>470</width>
					<height>80</height>
					<texture>lists/focus.png</texture>
					<visible>Control.HasFocus($PARAM[list_id])</visible>
				</control>
				<control type="image">
					<left>8</left>
					<top>8</top>
					<width>64</width>
					<height>64</height>
					<texture fallback="DefaultAudioDSP.png">$INFO[ListItem.Property(Icon)]</texture>
					<aspectratio aligny="center" align="left">keep</aspectratio>
				</control>
				<control type="label">
					<left>82</left>
					<top>3</top>
					<width>388</width>
					<height>40</height>
					<font>font12</font>
					<aligny>center</aligny>
					<label>$INFO[ListItem.Property(AddonName)]</label>
				</control>
				<control type="label">
					<left>82</left>
					<top>37</top>
					<width>388</width>
					<height>30</height>
					<font>font10</font>
					<aligny>center</aligny>
					<textcolor>grey</textcolor>
					<label>$INFO[ListItem.Property(Name)]</label>
				</control>
			</focusedlayout>
		</control>
	</include>
	<include name="LeftRightAlignedInfoLine">
		<control type="group">
			<height>30</height>
			<control type="label">
				<left>0</left>
				<width>250</width>
				<height>40</height>
				<align>right</align>
				<aligny>center</aligny>
				<label>$PARAM[label]:</label>
				<font>font12</font>
				<textcolor>button_focus</textcolor>
			</control>
			<control type="label">
				<left>270</left>
				<width>1000</width>
				<height>40</height>
				<aligny>center</aligny>
				<label>$PARAM[value]</label>
				<font>font12</font>
			</control>
		</control>
	</include>
	<include name="PicsInfoLine">
		<control type="grouplist">
			<visible>!IsEmpty($PARAM[value])</visible>
			<height>40</height>
			<orientation>horizontal</orientation>
			<width>500</width>
			<align>left</align>
			<itemgap>10</itemgap>
			<control type="label">
				<width>auto</width>
				<height>40</height>
				<aligny>center</aligny>
				<label>$PARAM[label]:</label>
				<font>font12</font>
				<textcolor>button_focus</textcolor>
			</control>
			<control type="label">
				<width>auto</width>
				<height>40</height>
				<align>right</align>
				<aligny>center</aligny>
				<label>$INFO[$PARAM[value]]</label>
				<font>font12</font>
			</control>
		</control>
	</include>
	<include name="DefaultSimpleListLayout">
		<param name="align">left</param>
		<param name="height">70</param>
		<definition>
			<itemlayout height="$PARAM[height]">
				<control type="image">
					<left>0</left>
					<top>0</top>
					<width>$PARAM[width]</width>
					<height>$PARAM[height]</height>
					<texture border="40">lists/separator.png</texture>
				</control>
				<control type="label">
					<left>0</left>
					<textoffsetx>20</textoffsetx>
					<top>0</top>
					<width>$PARAM[width]</width>
					<height>$PARAM[height]</height>
					<align>$PARAM[align]</align>
					<aligny>center</aligny>
					<textcolor>grey</textcolor>
					<label>$INFO[ListItem.Label]</label>
				</control>
			</itemlayout>
			<focusedlayout height="$PARAM[height]">
				<control type="image">
					<left>0</left>
					<top>0</top>
					<width>$PARAM[width]</width>
					<height>$PARAM[height]</height>
					<texture border="40">lists/separator.png</texture>
					<visible>!Control.HasFocus($PARAM[list_id])</visible>
				</control>
				<control type="image">
					<left>0</left>
					<top>0</top>
					<width>$PARAM[width]</width>
					<height>$PARAM[height]</height>
					<texture>lists/focus.png</texture>
					<visible>Control.HasFocus($PARAM[list_id])</visible>
				</control>
				<control type="label">
					<left>0</left>
					<textoffsetx>20</textoffsetx>
					<top>0</top>
					<width>$PARAM[width]</width>
					<height>$PARAM[height]</height>
					<align>$PARAM[align]</align>
					<aligny>center</aligny>
					<label>$INFO[ListItem.Label]</label>
				</control>
			</focusedlayout>
		</definition>
	</include>
	<include name="InfoFlag">
		<control type="group">
			<width>160</width>
			<visible>$PARAM[visible]</visible>
			<control type="image">
				<left>0</left>
				<width>32</width>
				<height>32</height>
				<texture colordiffuse="button_focus">$PARAM[icon]</texture>
			</control>
			<control type="label">
				<left>40</left>
				<width>270</width>
				<height>32</height>
				<font>font12</font>
				<label>$PARAM[label]</label>
			</control>
		</control>
	</include>
	<include name="MediaFlag">
		<param name="width">110</param>
		<param name="height">60</param>
		<definition>
			<control type="image">
				<width>$PARAM[width]</width>
				<height>$PARAM[height]</height>
				<fadetime>200</fadetime>
				<aspectratio align="center" aligny="top">keep</aspectratio>
				<texture>$PARAM[texture]</texture>
			</control>
		</definition>
	</include>
	<include name="MediaFlags">
		<top>898</top>
		<visible>Skin.HasSetting(show_mediaflags) | Window.IsActive(movieinformation)</visible>
		<animation effect="fade" time="200">VisibleChange</animation>
		<control type="grouplist">
			<orientation>horizontal</orientation>
			<left>100</left>
			<itemgap>5</itemgap>
			<width>1720</width>
			<include name="MediaFlag">
				<param name="texture" value="$INFO[ListItem.AudioChannels,flags/audiochannel/,.png]" />
			</include>
			<include name="MediaFlag">
				<param name="texture" value="$INFO[ListItem.AudioCodec,flags/audiocodec/,.png]" />
			</include>
		</control>
		<control type="grouplist">
			<orientation>horizontal</orientation>
			<left>100</left>
			<itemgap>5</itemgap>
			<width>1720</width>
			<align>right</align>
			<include name="MediaFlag">
				<param name="texture" value="$INFO[ListItem.VideoCodec,flags/videocodec/,.png]" />
			</include>
			<include name="MediaFlag">
				<param name="texture" value="$INFO[ListItem.VideoAspect,flags/aspectratio/,.png]" />
			</include>
		</control>
	</include>
	<include name="WeatherIcon">
		<control type="group">
			<width>268</width>
			<control type="image">
				<left>50</left>
				<width>60</width>
				<height>60</height>
				<texture colordiffuse="D0FFFFFF">$PARAM[texture]</texture>
			</control>
			<control type="textbox">
				<top>68</top>
				<width>160</width>
				<height>63</height>
				<font>font12</font>
				<align>center</align>
				<aligny>center</aligny>
				<label>$PARAM[label]</label>
				<shadowcolor>black</shadowcolor>
			</control>
		</control>
	</include>
	<include name="FileManagerPanel">
		<param name="header_haspath">false</param>
		<definition>
			<control type="image">
				<left>-20</left>
				<top>-20</top>
				<width>$PARAM[bg_width]</width>
				<height>742</height>
				<texture border="22">dialogs/dialog-bg.png</texture>
			</control>
			<control type="image">
				<left>0</left>
				<top>0</top>
				<width>$PARAM[width]</width>
				<height>70</height>
				<texture colordiffuse="button_focus" border="2">colors/white70.png</texture>
			</control>
			<control type="label" id="$PARAM[header_id]">
				<textoffsetx>40</textoffsetx>
				<top>0</top>
				<width>$PARAM[width]</width>
				<height>70</height>
				<font>font13_title</font>
				<aligny>center</aligny>
				<label>$PARAM[header_label]</label>
				<haspath>$PARAM[header_haspath]</haspath>
				<shadowcolor>black</shadowcolor>
			</control>
			<control type="list" id="$PARAM[list_id]">
				<left>0</left>
				<top>72</top>
				<width>$PARAM[width]</width>
				<height>630</height>
				<onleft>$PARAM[onleft_id]</onleft>
				<onright>$PARAM[scrollbar_id]</onright>
				<onup>$PARAM[list_id]</onup>
				<ondown>$PARAM[list_id]</ondown>
				<pagecontrol>$PARAM[scrollbar_id]</pagecontrol>
				<scrolltime>200</scrolltime>
				<focusedlayout height="70">
					<control type="image">
						<left>0</left>
						<top>0</top>
						<width>$PARAM[width]</width>
						<height>71</height>
						<texture border="90,3,90,3">lists/separator.png</texture>
					</control>
					<control type="image">
						<left>0</left>
						<top>0</top>
						<width>$PARAM[width]</width>
						<height>69</height>
						<texture>lists/focus.png</texture>
						<animation effect="fade" start="100" end="0" time="0" condition="!Control.HasFocus($PARAM[list_id])">Conditional</animation>
					</control>
					<control type="label">
						<left>20</left>
						<textoffsetx>15</textoffsetx>
						<top>0</top>
						<height>70</height>
						<width>$PARAM[width]</width>
						<aligny>center</aligny>
						<font>font12</font>
						<label>$INFO[ListItem.Label]</label>
						<shadowcolor>text_shadow</shadowcolor>
					</control>
					<control type="label">
						<left>0</left>
						<textoffsetx>15</textoffsetx>
						<top>0</top>
						<height>70</height>
						<width>$PARAM[width]</width>
						<align>right</align>
						<aligny>center</aligny>
						<font>font12</font>
						<label>$INFO[ListItem.Label2]</label>
						<textcolor>grey</textcolor>
						<shadowcolor>text_shadow</shadowcolor>
					</control>
				</focusedlayout>
				<itemlayout height="70">
					<control type="image">
						<left>0</left>
						<top>0</top>
						<width>$PARAM[width]</width>
						<height>71</height>
						<texture border="90,3,90,3">lists/separator.png</texture>
					</control>
					<control type="label">
						<left>20</left>
						<textoffsetx>15</textoffsetx>
						<top>0</top>
						<height>70</height>
						<width>$PARAM[width]</width>
						<aligny>center</aligny>
						<font>font12</font>
						<label>$INFO[ListItem.Label]</label>
						<shadowcolor>text_shadow</shadowcolor>
					</control>
					<control type="label">
						<left>0</left>
						<textoffsetx>15</textoffsetx>
						<top>0</top>
						<height>70</height>
						<width>$PARAM[width]</width>
						<align>right</align>
						<aligny>center</aligny>
						<font>font12</font>
						<label>$INFO[ListItem.Label2]</label>
						<textcolor>grey</textcolor>
						<shadowcolor>text_shadow</shadowcolor>
					</control>
				</itemlayout>
			</control>
			<control type="scrollbar" id="$PARAM[scrollbar_id]">
				<left>$PARAM[width]</left>
				<animation effect="slide" end="5,0" time="0" condition="true">Conditional</animation>
				<top>0</top>
				<width>12</width>
				<height>702</height>
				<onleft>$PARAM[list_id]</onleft>
				<onright>$PARAM[onright_id]</onright>
				<orientation>vertical</orientation>
			</control>
		</definition>
	</include>
	<include name="SettingsPanel">
		<control type="panel" id="9000">
			<left>92</left>
			<top>140</top>
			<width>1850</width>
			<height>819</height>
			<onleft>9000</onleft>
			<onright>9000</onright>
			<onup>9000</onup>
			<ondown>9000</ondown>
			<include>OpenClose_Right</include>
			<itemlayout height="270" width="440">
				<control type="image">
					<width>400</width>
					<height>250</height>
					<texture border="40">buttons/button-nofo.png</texture>
				</control>
				<control type="image">
					<left>19</left>
					<top>179</top>
					<width>359</width>
					<height>50</height>
					<texture colordiffuse="border_alpha">colors/black.png</texture>
				</control>
				<control type="image">
					<left>80</left>
					<top>10</top>
					<width>240</width>
					<height>240</height>
					<texture>$INFO[ListItem.Icon]</texture>
					<align>center</align>
				</control>
				<control type="label">
					<left>0</left>
					<top>185</top>
					<width>400</width>
					<height>400</height>
					<font>font12</font>
					<label>$INFO[ListItem.Label]</label>
					<align>center</align>
				</control>
			</itemlayout>
			<focusedlayout height="270" width="440">
				<control type="group">
					<depth>DepthContentPopout</depth>
					<animation type="Focus" reversible="false">
						<effect type="zoom" center="auto" start="100" end="108" time="250" tween="sine" />
					</animation>
					<animation type="UnFocus" reversible="false">
						<effect type="zoom" center="auto" start="108" end="100" time="250" tween="sine" />
					</animation>
					<control type="image">
						<width>400</width>
						<height>250</height>
						<texture border="40">buttons/button-nofo.png</texture>
					</control>
					<control type="image">
						<width>400</width>
						<height>250</height>
						<texture border="40">buttons/button-theme-fo.png</texture>
						<animation effect="fade" start="100" end="0" time="0">Unfocus</animation>
					</control>
					<control type="image">
						<left>19</left>
						<top>179</top>
						<width>359</width>
						<height>50</height>
						<texture colordiffuse="border_alpha">colors/black.png</texture>
					</control>
					<control type="image">
						<left>80</left>
						<top>10</top>
						<width>240</width>
						<height>240</height>
						<texture>$INFO[ListItem.Icon]</texture>
						<align>center</align>
					</control>
					<control type="label">
						<left>0</left>
						<top>185</top>
						<width>400</width>
						<height>400</height>
						<font>font12</font>
						<label>$INFO[ListItem.Label]</label>
						<align>center</align>
					</control>
				</control>
			</focusedlayout>
			<include>$PARAM[content]</include>
		</control>
	</include>
	<include name="AddonLauncherItems">
		<content>
			<item>
				<label>$LOCALIZE[1037]</label>
				<onclick>ActivateWindow(videos,addons://sources/video/,return)</onclick>
				<icon>icons/settings/video.png</icon>
			</item>
			<item>
				<label>$LOCALIZE[1038]</label>
				<onclick>ActivateWindow(music,addons://sources/audio/,return)</onclick>
				<icon>icons/settings/music.png</icon>
			</item>
			<item>
				<label>$LOCALIZE[0]</label>
				<onclick>ActivateWindow(programs,addons://sources/executable/,return)</onclick>
				<icon>icons/settings/appearance.png</icon>
			</item>
			<item>
				<label>$LOCALIZE[20244]</label>
				<onclick>ActivateWindow(programs,androidapps://,return)</onclick>
				<icon>icons/settings/android.png</icon>
				<visible>System.Platform.Android</visible>
			</item>
			<item>
				<label>$LOCALIZE[1039]</label>
				<onclick>ActivateWindow(pictures,addons://sources/image/,return)</onclick>
				<icon>icons/settings/pictures.png</icon>
			</item>
			<item>
				<label>$LOCALIZE[31059]</label>
				<onclick>ActivateWindow(addonbrowser,addons://outdated/,return)</onclick>
				<icon>icons/settings/update-available.png</icon>
				<visible>!Stringcompare(Container(8000).NumItems,0)</visible>
			</item>
			<item>
				<label>$LOCALIZE[21452]</label>
				<onclick>ActivateWindow(addonbrowser,addons://all/,return)</onclick>
				<icon>icons/settings/addons.png</icon>
			</item>
		</content>
	</include>
	<include name="SettingsItems">
		<content>
			<item>
				<label>$LOCALIZE[20094]</label>
				<onclick>ActivateWindow(1103)</onclick>
				<icon>icons/settings/filemanager.png</icon>
			</item>
			<item>
				<label>$LOCALIZE[480]</label>
				<onclick>ActivateWindow(AppearanceSettings)</onclick>
				<icon>icons/settings/appearance.png</icon>
			</item>^
			<item>
				<label>$LOCALIZE[157]</label>
				<onclick>ActivateWindow(VideosSettings)</onclick>
				<icon>icons/settings/video.png</icon>
			</item>
			<item>
				<label>$LOCALIZE[2]</label>
				<onclick>ActivateWindow(MusicSettings)</onclick>
				<icon>icons/settings/music.png</icon>
			</item>
			<item>
				<label>$LOCALIZE[1]</label>
				<onclick>ActivateWindow(PicturesSettings)</onclick>
				<icon>icons/settings/pictures.png</icon>
			</item>
			<item>
				<label>$LOCALIZE[8]</label>
				<onclick>ActivateWindow(WeatherSettings)</onclick>
				<icon>icons/settings/weather.png</icon>
			</item>
			<item>
				<label>$LOCALIZE[14036]</label>
				<onclick>ActivateWindow(ServiceSettings)</onclick>
				<icon>icons/settings/network.png</icon>
			</item>
			<item>
				<label>$LOCALIZE[13000]</label>
				<onclick>ActivateWindow(SystemSettings)</onclick>
				<icon>icons/settings/system.png</icon>
			</item>
			<item>
				<label>$LOCALIZE[19020]</label>
				<onclick>ActivateWindow(PVRSettings)</onclick>
				<icon>icons/settings/livetv.png</icon>
			</item>
			<item>
				<label>$LOCALIZE[13200]</label>
				<onclick>ActivateWindow(Profiles)</onclick>
				<icon>icons/settings/profiles.png</icon>
			</item>
			<item>
				<label>$LOCALIZE[138]</label>
				<onclick>ActivateWindow(systeminfo)</onclick>
				<icon>icons/settings/sysinfo.png</icon>
			</item>
			<item>
				<label>$LOCALIZE[20077]</label>
				<onclick>ActivateWindow(SkinSettings)</onclick>
				<icon>icons/settings/skin.png</icon>
			</item>
		</content>
	</include>
	<include name="PlaylistWindowButtons">
		<param name="width">350</param>
		<definition>
			<control type="group">
				<include>OpenClose_Left</include>
				<control type="grouplist" id="700">
					<orientation>vertical</orientation>
					<itemgap>-9</itemgap>
					<left>100</left>
					<top>165</top>
					<onup>700</onup>
					<ondown>700</ondown>
					<onleft>50</onleft>
					<onright>50</onright>
					<include name="PlaylistWindowButton">
						<param name="control_id" value="20" />
						<param name="onclick" value="" />
						<param name="label" value="$LOCALIZE[191]$INFO[Playlist.Random, : ]" />
						<param name="icon" value="osd/fullscreen/buttons/random-on.png" />
						<param name="width" value="$PARAM[width]" />
					</include>
					<include name="PlaylistWindowButton">
						<param name="control_id" value="26" />
						<param name="onclick" value="" />
						<param name="label" value="" />
						<param name="icon" value="osd/fullscreen/buttons/repeat-all.png" />
						<param name="width" value="$PARAM[width]" />
					</include>
					<include name="PlaylistWindowButton">
						<param name="control_id" value="21" />
						<param name="onclick" value="" />
						<param name="label" value="$LOCALIZE[190]" />
						<param name="icon" value="osd/fullscreen/buttons/record.png" />
						<param name="width" value="$PARAM[width]" />
					</include>
					<include name="PlaylistWindowButton">
						<param name="control_id" value="22" />
						<param name="onclick" value="" />
						<param name="label" value="$LOCALIZE[192]" />
						<param name="icon" value="DefaultIconError.png" />
						<param name="width" value="$PARAM[width]" />
					</include>
				</control>
			</control>
		</definition>
	</include>
	<include name="InfoDialogTopBarInfo">
		<param name="id">33333</param>
		<definition>
			<control type="grouplist">
				<left>85</left>
				<top>5</top>
				<animation effect="fade" start="0" end="100" time="300">WindowOpen</animation>
				<animation effect="fade" start="100" end="0" time="200">WindowClose</animation>
				<width>1400</width>
				<height>80</height>
				<itemgap>0</itemgap>
				<orientation>vertical</orientation>
				<control type="label">
					<width>1400</width>
					<label>$PARAM[main_label]</label>
					<font>font13_title</font>
					<shadowcolor>text_shadow</shadowcolor>
					<height>35</height>
					<scroll>true</scroll>
					<animation effect="slide" start="0,0" end="0,15" time="0" condition="IsEmpty(Control.GetLabel($PARAM[id]))">Conditional</animation>
				</control>
				<control type="label" id="$PARAM[id]">
					<label>$PARAM[sub_label]</label>
					<font>font10</font>
					<left>85</left>
					<shadowcolor>text_shadow</shadowcolor>
					<height>100</height>
					<width>1400</width>
				</control>
			</control>
		</definition>
	</include>
	<include name="UpDownArrows">
		<param name="up_posy">134</param>
		<param name="down_posy">910</param>
		<param name="posx">936</param>
		<param name="visible">true</param>
		<definition>
			<control type="button" id="$PARAM[container_id]588">
				<left>$PARAM[posx]</left>
				<top>$PARAM[down_posy]</top>
				<width>48</width>
				<height>24</height>
				<texturefocus colordiffuse="button_focus">overlays/arrowdown.png</texturefocus>
				<texturenofocus colordiffuse="button_focus">overlays/arrowdown.png</texturenofocus>
				<animation effect="zoom" start="100,0" end="100,100" center="auto" time="200" delay="10">VisibleChange</animation>
				<animation effect="zoom" start="100,0" end="100,100" delay="500" center="auto" time="200">WindowOpen</animation>
				<animation effect="zoom" start="100,100" end="100,0" center="auto" time="200">WindowClose</animation>
				<onclick>SetFocus($PARAM[container_id])</onclick>
				<onclick>PageDown</onclick>
				<visible>Container($PARAM[container_id]).HasNext + Control.IsVisible($PARAM[container_id])</visible>
				<visible>$PARAM[visible]</visible>
			</control>
			<control type="button" id="$PARAM[container_id]589">
				<left>$PARAM[posx]</left>
				<top>$PARAM[up_posy]</top>
				<width>48</width>
				<height>24</height>
				<texturefocus colordiffuse="button_focus" flipy="true">overlays/arrowdown.png</texturefocus>
				<texturenofocus colordiffuse="button_focus" flipy="true">overlays/arrowdown.png</texturenofocus>
				<animation effect="zoom" start="100,0" end="100,100" center="auto" time="200" delay="10">VisibleChange</animation>
				<animation effect="zoom" start="100,0" end="100,100" delay="500" center="auto" time="200">WindowOpen</animation>
				<animation effect="zoom" start="100,100" end="100,0" center="auto" time="200">WindowClose</animation>
				<onclick>SetFocus($PARAM[container_id])</onclick>
				<onclick>PageUp</onclick>
				<visible>Container($PARAM[container_id]).HasPrevious + Control.IsVisible($PARAM[container_id])</visible>
				<visible>$PARAM[visible]</visible>
			</control>
		</definition>
	</include>
	<include name="UpDownArrowsHome">
		<control type="group">
			<visible>Control.IsVisible($PARAM[container_id])</visible>
			<animation effect="fade" start="0" end="100" delay="1000" time="200">Visible</animation>
			<animation effect="fade" start="0" end="100" time="0">Hidden</animation>
			<control type="image">
				<left>1860</left>
				<top>950</top>
				<width>36</width>
				<height>18</height>
				<texture colordiffuse="button_focus">overlays/arrowdown.png</texture>
				<animation effect="fade" time="200">VisibleChange</animation>
				<animation effect="slide" start="150" end="0" delay="640" time="320" tween="cubic">WindowOpen</animation>
				<animation effect="zoom" start="100,100" end="100,0" center="0,890" time="200">WindowClose</animation>
				<visible>Container($PARAM[container_id]).HasNext</visible>
			</control>
			<control type="image">
				<left>1860</left>
				<top>94</top>
				<width>36</width>
				<height>18</height>
				<texture colordiffuse="button_focus" flipy="true">overlays/arrowdown.png</texture>
				<animation effect="fade" time="200">VisibleChange</animation>
				<animation effect="slide" start="150" end="0" delay="640" time="320" tween="cubic">WindowOpen</animation>
				<animation effect="zoom" start="100,100" end="100,0" center="0,180" time="200">WindowClose</animation>
				<visible>Container($PARAM[container_id]).HasPrevious</visible>
			</control>
		</control>
	</include>
	<include name="LeftRightArrows">
		<param name="left_posx">445</param>
		<param name="right_posx">1843</param>
		<param name="posy">936</param>
		<param name="visible">!System.HasModalDialog</param>
		<definition>
			<control type="image">
				<left>$PARAM[left_posx]</left>
				<top>$PARAM[posy]</top>
				<width>28</width>
				<height>28</height>
				<texture flipx="true" colordiffuse="button_focus">overlays/arrowright.png</texture>
				<animation effect="zoom" start="0,100" end="100,100" center="auto" time="200">VisibleChange</animation>
				<animation effect="zoom" start="0,100" end="100,100" delay="500" center="auto" time="200">WindowOpen</animation>
				<animation effect="zoom" start="100,100" end="0,100" center="auto" time="200">WindowClose</animation>
				<visible>Control.IsVisible($PARAM[list_id]) + Container($PARAM[list_id]).HasPrevious</visible>
				<visible>$PARAM[visible]</visible>
			</control>
			<control type="image">
				<left>$PARAM[right_posx]</left>
				<top>$PARAM[posy]</top>
				<width>28</width>
				<height>28</height>
				<texture colordiffuse="button_focus">overlays/arrowright.png</texture>
				<animation effect="zoom" start="0,100" end="100,100" center="auto" time="200">VisibleChange</animation>
				<animation effect="zoom" start="0,100" end="100,100" delay="500" center="auto" time="200">WindowOpen</animation>
				<animation effect="zoom" start="100,100" end="0,100" center="auto" time="200">WindowClose</animation>
				<visible>Control.IsVisible($PARAM[list_id]) + Container($PARAM[list_id]).HasNext</visible>
				<visible>$PARAM[visible]</visible>
			</control>
			<control type="button" id="$PARAM[list_id]500">
				<left>$PARAM[left_posx]</left>
				<top>$PARAM[posy]</top>
				<width>28</width>
				<height>28</height>
				<texturefocus>-</texturefocus>
				<texturenofocus>-</texturenofocus>
				<onclick>Control.Move($PARAM[list_id],-1)</onclick>
				<visible allowhiddenfocus="true">Container($PARAM[list_id]).HasPrevious + [Control.HasFocus($PARAM[list_id]) | Control.HasFocus($PARAM[list_id]500)]</visible>
			</control>
			<control type="button" id="$PARAM[list_id]501">
				<left>$PARAM[right_posx]</left>
				<top>$PARAM[posy]</top>
				<width>28</width>
				<height>28</height>
				<texturefocus>-</texturefocus>
				<texturenofocus>-</texturenofocus>
				<onclick>Control.Move($PARAM[list_id],1)</onclick>
				<visible allowhiddenfocus="true">Container($PARAM[list_id]).HasNext + [Control.HasFocus($PARAM[list_id]) | Control.HasFocus($PARAM[list_id]501)]</visible>
			</control>
		</definition>
	</include>
	<include name="DialogBackgroundCommons">
		<control type="image">
			<left>-1920</left>
			<top>-1080</top>
			<width>5760</width>
			<height>3240</height>
			<animation effect="fade" start="0" end="100" time="300">WindowOpen</animation>
			<animation effect="fade" start="100" end="0" time="200">WindowClose</animation>
			<texture colordiffuse="C2FFFFFF">colors/black.png</texture>
			<visible>$PARAM[darken_bg]</visible>
		</control>
		<control type="image">
			<left>0</left>
			<top>0</top>
			<width>$PARAM[DialogBackgroundWidth]</width>
			<height>$PARAM[DialogBackgroundHeight]</height>
			<texture border="2">dialogs/dialog-bg-solid.png</texture>
		</control>
		<control type="image">
			<left>0</left>
			<top>0</top>
			<width>$PARAM[DialogBackgroundWidth]</width>
			<height>70</height>
			<texture colordiffuse="button_focus" border="2">colors/white70.png</texture>
		</control>
		<control type="label" id="$PARAM[DialogHeaderId]">
			<textoffsetx>70</textoffsetx>
			<left>-30</left>
			<top>0</top>
			<width>$PARAM[DialogBackgroundWidth]</width>
			<height>70</height>
			<font>font20_title</font>
			<label>$PARAM[DialogHeaderLabel]</label>
			<align>left</align>
			<aligny>center</aligny>
			<shadowcolor>black</shadowcolor>
		</control>
		<control type="button" id="22001">
			<left>-1920</left>
			<top>-1080</top>
			<width>5760</width>
			<height>3240</height>
			<texturefocus>-</texturefocus>
			<texturenofocus>-</texturenofocus>
			<onclick>Action(close)</onclick>
		</control>
		<control type="button" id="22002">
			<description>button overlay to avoid closing in dialog area</description>
			<left>0</left>
			<top>0</top>
			<width>$PARAM[DialogBackgroundWidth]</width>
			<height>$PARAM[DialogBackgroundHeight]</height>
			<texturefocus>-</texturefocus>
			<texturenofocus>-</texturenofocus>
			<onclick>noop</onclick>
		</control>
		<control type="radiobutton" id="22000">
			<left>$PARAM[DialogBackgroundWidth]</left>
			<top>11</top>
			<width>48</width>
			<height>48</height>
			<radiowidth>48</radiowidth>
			<radioheight>48</radioheight>
			<texturefocus>-</texturefocus>
			<texturenofocus>-</texturenofocus>
			<label></label>
			<animation effect="slide" end="-70,0" time="0" condition="true">Conditional</animation>
			<textureradioofffocus colordiffuse="EEFFFFFF">dialogs/close.png</textureradioofffocus>
			<textureradiooffnofocus colordiffuse="EEFFFFFF">icons/logo.png</textureradiooffnofocus>
			<textureradioonfocus colordiffuse="EEFFFFFF">dialogs/close.png</textureradioonfocus>
			<textureradioonnofocus colordiffuse="EEFFFFFF">icons/logo.png</textureradioonnofocus>
			<onclick>Action(close)</onclick>
		</control>
	</include>
	<include name="TopBar">
		<param name="time_sublabel">$INFO[System.Date]</param>
		<definition>
			<control type="group">
				<depth>DepthBars</depth>
				<animation effect="fade" start="0" end="100" time="300" condition="[Window.Previous(fullscreenvideo) | Window.Previous(startup)] + !Window.IsVisible(1109)">WindowOpen</animation>
				<control type="image">
					<left>0</left>
					<top>0</top>
					<width>1920</width>
					<height>80</height>
					<texture>frame/InfoBar.png</texture>
					<animation effect="fade" start="100" end="0" time="300" condition="Window.Next(screencalibration) | Window.IsActive(fullscreenvideo)">WindowClose</animation>
				</control>
				<control type="image">
					<top>10</top>
					<width>80</width>
					<height>80</height>
					<animation effect="fade" start="0" end="100" time="300">WindowOpen</animation>
					<animation effect="fade" start="100" end="0" time="200">WindowClose</animation>
					<texture colordiffuse="button_focus">$PARAM[breadcrumbs_icon]</texture>
				</control>
				<control type="button">
					<top>0</top>
					<width>120</width>
					<height>100</height>
					<onclick condition="!IsEmpty(Container.FolderPath)">Container.Update(" ",replace)</onclick>
					<onclick condition="IsEmpty(Container.FolderPath)">Action(Back)</onclick>
					<texturefocus>-</texturefocus>
					<texturenofocus>-</texturenofocus>
				</control>
				<control type="grouplist">
					<left>85</left>
					<description>Left side of top bar</description>
					<width>900</width>
					<height>100</height>
					<orientation>horizontal</orientation>
					<usecontrolcoords>true</usecontrolcoords>
					<visible>!Window.isActive(movieinformation) + !Window.isActive(addoninformation) + !Window.isActive(pictureinfo) + !Window.isActive(musicinformation) + !Window.isActive(songinformation) + !Window.IsActive(pvrguideinfo) + !Window.IsActive(pvrrecordinginfo)</visible>
					<animation effect="fade" time="150">VisibleChange</animation>
					<animation effect="fade" start="0" end="100" time="300">WindowOpen</animation>
					<animation effect="fade" start="100" end="0" time="200">WindowClose</animation>
					<control type="label">
						<label>$PARAM[breadcrumbs_label]</label>
						<animation effect="slide" end="0,12" time="200" reversible="true" condition="IsEmpty(Container.SortMethod)">Conditional</animation>
						<include>BreadcrumbsLabel</include>
					</control>
					<control type="label">
						<label>$INFO[Container.FolderName, / ]</label>
						<animation effect="slide" end="0,12" time="200" reversible="true" condition="IsEmpty(Container.SortMethod)">Conditional</animation>
						<include>BreadcrumbsLabel</include>
						<visible>![Container.Content() + Window.IsActive(videos)]</visible>
						<visible>![Window.IsActive(PVR) | Window.IsActive(MyPVRTimers.xml)]</visible>
					</control>
					<control type="label">
						<label>$INFO[Control.GetLabel(10),: ]</label>
						<include>BreadcrumbsLabel</include>
						<visible>!Stringcompare(Control.GetLabel(10),$LOCALIZE[16100]) + Window.IsActive(videos)</visible>
					</control>
					<control type="label">
						<label> ($LOCALIZE[31052])</label>
						<include>BreadcrumbsLabel</include>
						<visible>Container.Filtered</visible>
					</control>
				</control>
				<control type="label">
					<top>40</top>
					<label>$INFO[Container.SortMethod,$LOCALIZE[31022]: ]</label>
					<font>font10</font>
					<left>85</left>
					<shadowcolor>text_shadow</shadowcolor>
					<height>100</height>
					<width>auto</width>
					<visible>!IsEmpty(Container.SortMethod)</visible>
					<visible>!Window.isActive(movieinformation) + !Window.isActive(addoninformation) + !Window.isActive(pictureinfo) + !Window.isActive(musicinformation) + !Window.isActive(songinformation) + !Window.IsActive(pvrguideinfo) + !Window.IsActive(pvrrecordinginfo)</visible>
					<animation effect="fade" time="150">VisibleChange</animation>
					<animation effect="fade" start="0" end="100" time="300">WindowOpen</animation>
					<animation effect="fade" start="100" end="0" time="200">WindowClose</animation>
				</control>
				<control type="grouplist">
					<description>Right side of top bar</description>
					<left>1340</left>
					<width>500</width>
					<height>100</height>
					<align>right</align>
					<orientation>horizontal</orientation>
					<usecontrolcoords>true</usecontrolcoords>
					<animation effect="fade" start="0" end="100" time="300" condition="Window.IsActive(fullscreenvideo)">WindowOpen</animation>
					<animation effect="fade" start="100" end="0" time="300" condition="Window.Next(screencalibration) | Window.IsActive(fullscreenvideo)">WindowClose</animation>
					<animation effect="fade" time="150">VisibleChange</animation>
					<visible>!Window.IsVisible(extendedprogressdialog)</visible>
					<include condition="Skin.HasSetting(show_weatherinfo) | Window.IsActive(skinsettings)">TopWeatherIcon</include>
					<control type="label">
						<include>BreadcrumbsLabel</include>
						<label>$INFO[System.Time]</label>
					</control>
				</control>
				<control type="group">
					<visible>!Window.IsVisible(extendedprogressdialog)</visible>
					<animation effect="fade" time="150">VisibleChange</animation>
					<animation effect="fade" start="100" end="0" time="300" condition="Window.Next(screencalibration) | Window.IsActive(fullscreenvideo)">WindowClose</animation>
					<control type="image">
						<right>25</right>
						<top>20</top>
						<height>40</height>
						<width>40</width>
						<texture colordiffuse="button_focus">frame/clock.png</texture>
						<animation effect="fade" time="300">Visible</animation>
						<animation effect="fade" time="150">Hidden</animation>
						<aspectratio>keep</aspectratio>
						<visible>!Window.IsActive(volumebar)</visible>
					</control>
					<control type="label">
						<top>40</top>
						<label>$PARAM[time_sublabel]</label>
						<font>font10</font>
						<left>1340</left>
						<shadowcolor>text_shadow</shadowcolor>
						<height>100</height>
						<width>500</width>
						<align>right</align>
					</control>
				</control>
			</control>
		</definition>
	</include>
	<include name="TopWeatherIcon">
		<control type="button">
			<include>BreadcrumbsLabel</include>
			<texturefocus>-</texturefocus>
			<texturenofocus>-</texturenofocus>
			<aligny>top</aligny>
			<textoffsetx>0</textoffsetx>
			<onclick>ActivateWindow(weather)</onclick>
			<label>$INFO[Window(Weather).Property(Current.Temperature)]$INFO[System.TemperatureUnits]</label>
			<visible>Skin.HasSetting(show_weatherinfo) + Weather.IsFetched + ![stringcompare(Weather.FanartCode,na) + substring(Weather.Conditions,/)]</visible>
		</control>
		<control type="image">
			<top>4</top>
			<width>60</width>
			<height>50</height>
			<fadetime>300</fadetime>
			<aspectratio align="left">keep</aspectratio>
			<texture colordiffuse="button_focus">weather/small/$INFO[Weather.FanartCode].png</texture>
			<visible>Skin.HasSetting(show_weatherinfo) + Weather.IsFetched + ![stringcompare(Weather.FanartCode,na) + substring(Weather.Conditions,/)]</visible>
		</control>
	</include>
	<include name="BreadcrumbsLabel">
		<font>font13_title</font>
		<shadowcolor>text_shadow</shadowcolor>
		<top>7</top>
		<height>100</height>
		<width>auto</width>
		<align>left</align>
	</include>
	<include name="DefaultBackground">
		<param name="fanart">$VAR[MediaFanartVar]</param>
		<definition>
			<control type="videowindow">
				<depth>DepthBackground</depth>
				<include>FullScreenDimensions</include>
				<visible>Player.HasVideo</visible>
			</control>
			<control type="visualisation">
				<include>FullScreenDimensions</include>
				<visible>Player.HasAudio + IsEmpty(Window(videolibrary).Property(PlayingBackgroundMedia))</visible>
			</control>
			<control type="image">
				<depth>DepthBackground</depth>
				<include>FullScreenDimensions</include>
				<aspectratio>scale</aspectratio>
				<animation effect="zoom" center="auto" end="102,102" time="0" condition="IntegerGreaterThan(System.StereoscopicMode,0)">conditional</animation>
				<animation effect="fade" start="100" end="75" time="0" condition="Player.HasMedia + IsEmpty(Window(videolibrary).Property(PlayingBackgroundMedia))">Conditional</animation>
				<animation effect="fade" start="0" end="100" time="300" condition="Window.Previous(fullscreenvideo) | Window.Previous(startup)">WindowOpen</animation>
				<texture fallback="special://skin/extras/backgrounds/SKINDEFAULT.jpg">$VAR[GlobalFanartVar]</texture>
			</control>
			<control type="image">
				<depth>DepthBackground</depth>
				<include>FullScreenDimensions</include>
				<aspectratio>scale</aspectratio>
				<fadetime>400</fadetime>
				<animation effect="zoom" center="auto" end="102,102" time="0" condition="IntegerGreaterThan(System.StereoscopicMode,0)">conditional</animation>
				<animation effect="fade" start="0" end="100" time="400">WindowOpen</animation>
				<animation effect="fade" start="100" end="0" time="300">WindowClose</animation>
				<animation effect="fade" time="400">VisibleChange</animation>
				<texture background="true" colordiffuse="40FFFFFF">$PARAM[fanart]</texture>
				<visible>!Player.HasMedia | !IsEmpty(Window(videolibrary).Property(PlayingBackgroundMedia))</visible>
			</control>
		</definition>
	</include>
	<include name="BottomBar">
		<param name="PageLabel">$VAR[BottomBarPageLabel]</param>
		<definition>
			<control type="group">
				<depth>DepthBars</depth>
				<animation effect="fade" start="100" end="0" time="300" condition="Window.Next(visualisation)">WindowClose</animation>
				<animation effect="fade" start="0" end="100" time="300" condition="Window.Previous(fullscreenvideo) | Window.Previous(startup) | Window.Previous(visualisation)">WindowOpen</animation>
				<control type="image">
					<left>0</left>
					<top>1000</top>
					<width>1920</width>
					<height>80</height>
					<texture flipy="true">frame/InfoBar.png</texture>
					<animation effect="fade" start="100" end="0" time="300" condition="Window.Next(screencalibration) | Window.IsActive(fullscreenvideo)">WindowClose</animation>
				</control>
				<control type="group">
					<visible>Window.IsMedia + !Window.IsActive(eventlog) + !Window.IsActive(musicplaylisteditor) + !Window.IsActive(MyPlaylist.xml)</visible>
					<visible>!System.HasModalDialog</visible>
					<animation effect="fade" time="400">VisibleChange</animation>
					<animation effect="fade" start="0" end="100" time="400">WindowOpen</animation>
					<animation effect="fade" start="100" end="0" time="300">WindowClose</animation>
					<top>1019</top>
					<control type="button">
						<left>17</left>
						<width>44</width>
						<height>44</height>
						<animation effect="rotate" end="-90" center="40,23" time="200" reversible="true" condition="Control.IsVisible(51) | Control.IsVisible(53) | Control.IsVisible(502)">Conditional</animation>
						<texturefocus colordiffuse="button_focus">frame/menu-nofo.png</texturefocus>
						<texturenofocus colordiffuse="button_focus">frame/menu-nofo.png</texturenofocus>
						<animation effect="fade" time="200">VisibleChange</animation>
						<onclick>SetFocus(9000)</onclick>
						<visible>!Control.IsVisible(6160)</visible>
						<visible>!ControlGroup(9000).HasFocus + !Control.HasFocus(6130)</visible>
					</control>
					<control type="image">
						<left>17</left>
						<width>44</width>
						<height>44</height>
						<texture colordiffuse="button_focus">frame/menu-fo.png</texture>
						<animation effect="fade" time="200">VisibleChange</animation>
						<visible>ControlGroup(9000).HasFocus | Control.HasFocus(6130)</visible>
						<visible>!Player.HasMedia | !IsEmpty(Window(videolibrary).Property(PlayingBackgroundMedia))</visible>
					</control>
					<control type="button" id="6160">
						<left>17</left>
						<width>44</width>
						<height>44</height>
						<texturefocus colordiffuse="button_focus">icons/menu.png</texturefocus>
						<texturenofocus colordiffuse="button_focus">icons/menu.png</texturenofocus>
						<animation effect="fade" time="200">VisibleChange</animation>
						<onclick>SetFocus(9000)</onclick>
						<visible>Window.IsActive(MyPVRGuide.xml) + Control.IsVisible(10)</visible>
						<visible>!ControlGroup(9000).HasFocus + !Control.HasFocus(6130)</visible>
					</control>
					<control type="button">
						<left>74</left>
						<width>300</width>
						<height>44</height>
						<shadowcolor>text_shadow</shadowcolor>
						<label>$LOCALIZE[33063]</label>
						<onclick>SetFocus(9000)</onclick>
						<texturefocus>-</texturefocus>
						<texturenofocus>-</texturenofocus>
						<animation effect="fade" time="225">VisibleChange</animation>
						<visible>!ControlGroup(9000).HasFocus + !Control.HasFocus(6130)</visible>
					</control>
				</control>
				<control type="group">
					<left>450</left>
					<top>1005</top>
					<visible>Player.HasMedia + IsEmpty(Window(videolibrary).Property(PlayingBackgroundMedia))</visible>
					<animation effect="fade" time="200">VisibleChange</animation>
					<control type="grouplist">
						<orientation>horizontal</orientation>
						<height>38</height>
						<align>center</align>
						<itemgap>5</itemgap>
						<usecontrolcoords>true</usecontrolcoords>
						<animation effect="slide" start="0,0" end="0,15" time="0" condition="IsEmpty(Control.GetLabel(7700))">conditional</animation>
						<width>1020</width>
						<control type="image">
							<top>8</top>
							<width>28</width>
							<height>28</height>
							<aspectratio>keep</aspectratio>
							<texture colordiffuse="button_focus">$VAR[NowPlayingIconVar]</texture>
						</control>
						<control type="label">
							<label>$VAR[NowPlayingMainlabelVar]</label>
							<font>font13_title</font>
							<shadowcolor>text_shadow</shadowcolor>
							<height>35</height>
							<width min="1" max="992">auto</width>
						</control>
					</control>
					<control type="label" id="7700">
						<label>$VAR[NowPlayingSublabelVar]</label>
						<top>35</top>
						<font>font12</font>
						<textoffsetx>100</textoffsetx>
						<shadowcolor>text_shadow</shadowcolor>
						<height>25</height>
						<width>1020</width>
						<align>center</align>
					</control>
				</control>
				<control type="label" id="23000">
					<bottom>0</bottom>
					<right>5</right>
					<label>$INFO[ListItem.SortLetter]</label>
					<font>font35_title</font>
					<width>80</width>
					<height>80</height>
					<align>center</align>
					<textcolor>button_focus</textcolor>
					<visible>!System.HasModalDialog</visible>
					<visible>Container.Scrolling</visible>
					<visible>!Container.Content(seasons)</visible>
					<visible>StringCompare(Container.SortMethod,$LOCALIZE[551]) | StringCompare(Container.SortMethod,$LOCALIZE[561]) | StringCompare(Container.SortMethod,$LOCALIZE[558]) | StringCompare(Container.SortMethod,$LOCALIZE[557]) | StringCompare(Container.SortMethod,$LOCALIZE[556]) | StringCompare(Container.SortMethod,$LOCALIZE[563])</visible>
					<animation effect="fade" start="0" end="100" time="200" reversible="true">VisibleChange</animation>
					<animation effect="fade" start="100" end="0" time="200">WindowClose</animation>
				</control>
				<control type="grouplist">
					<animation effect="fade" start="0" end="100" time="400">WindowOpen</animation>
					<animation effect="fade" start="100" end="0" time="300">WindowClose</animation>
					<orientation>horizontal</orientation>
					<align>right</align>
					<top>1015</top>
					<right>24</right>
					<width>1200</width>
					<itemgap>10</itemgap>
					<visible>!System.HasModalDialog + !Window.isActive(musicplaylisteditor)</visible>
					<animation effect="fade" delay="1" time="200">VisibleChange</animation>
					<control type="label">
						<width>auto</width>
						<height>48</height>
						<aligny>center</aligny>
						<align>right</align>
						<shadowcolor>text_shadow</shadowcolor>
						<label>$PARAM[PageLabel]</label>
					</control>
					<control type="image">
						<width>54</width>
						<height>44</height>
						<aspectratio>keep</aspectratio>
						<texture colordiffuse="button_focus">frame/item-count.png</texture>
						<animation effect="fade" time="200">VisibleChange</animation>
						<visible>!IsEmpty(Container.NumItems)</visible>
						<animation effect="fade" start="100" end="0" time="250" delay="200" reversible="true" condition="Control.IsVisible(23000)">Conditional</animation>
						<animation effect="fade" start="0" end="100" time="250" reversible="true" delay="200" condition="!Control.IsVisible(23000)">Conditional</animation>
					</control>
				</control>
			</control>
		</definition>
	</include>
	<include name="BottomBarTwoListInfo">
		<control type="group">
			<animation effect="fade" start="0" end="100" time="400">WindowOpen</animation>
			<animation effect="fade" start="100" end="0" time="300">WindowClose</animation>
			<control type="grouplist">
				<orientation>horizontal</orientation>
				<align>right</align>
				<top>1015</top>
				<itemgap>10</itemgap>
				<right>24</right>
				<width>1200</width>
				<control type="label">
					<width>auto</width>
					<height>48</height>
					<aligny>center</aligny>
					<align>right</align>
					<shadowcolor>text_shadow</shadowcolor>
					<textcolor>button_focus</textcolor>
					<visible>Control.HasFocus($PARAM[right_scrollbar_id])</visible>
					<label>$INFO[Container($PARAM[right_container_id]).CurrentPage,, / ]$INFO[Container($PARAM[right_container_id]).NumPages]</label>
				</control>
				<control type="label">
					<width>auto</width>
					<height>48</height>
					<aligny>center</aligny>
					<align>right</align>
					<shadowcolor>text_shadow</shadowcolor>
					<visible>!Control.HasFocus($PARAM[right_scrollbar_id])</visible>
					<label>$INFO[Container($PARAM[right_container_id]).CurrentItem,, / ]$INFO[Container($PARAM[right_container_id]).NumItems]</label>
				</control>
				<control type="image">
					<width>54</width>
					<height>44</height>
					<aspectratio>keep</aspectratio>
					<texture colordiffuse="button_focus">frame/item-count.png</texture>
				</control>
			</control>
			<control type="grouplist">
				<orientation>horizontal</orientation>
				<align>left</align>
				<top>1015</top>
				<left>24</left>
				<width>1200</width>
				<itemgap>10</itemgap>
				<control type="image">
					<width>54</width>
					<height>44</height>
					<aspectratio>keep</aspectratio>
					<texture colordiffuse="button_focus">frame/item-count.png</texture>
				</control>
				<control type="label">
					<width>auto</width>
					<height>48</height>
					<aligny>center</aligny>
					<align>right</align>
					<shadowcolor>text_shadow</shadowcolor>
					<visible>!Control.HasFocus($PARAM[left_scrollbar_id])</visible>
					<label>$INFO[Container($PARAM[left_container_id]).CurrentItem,, / ]$INFO[Container($PARAM[left_container_id]).NumItems]</label>
				</control>
				<control type="label">
					<width>auto</width>
					<height>48</height>
					<aligny>center</aligny>
					<align>right</align>
					<shadowcolor>text_shadow</shadowcolor>
					<textcolor>button_focus</textcolor>
					<visible>Control.HasFocus($PARAM[left_scrollbar_id])</visible>
					<label>$INFO[Container($PARAM[left_container_id]).CurrentPage,, / ]$INFO[Container($PARAM[left_container_id]).NumPages]</label>
				</control>
			</control>
		</control>
	</include>
	<include name="FullScreenDimensions">
		<left>0</left>
		<top>0</top>
		<width>1920</width>
		<height>1080</height>
	</include>
</includes>
