<?xml version="1.0" encoding="utf-8" standalone="yes"?>
<addon id="plugin.video.kinolist.net"
       name="[COLOR FFFFFFFF]Kinolist.net[/COLOR]"
       version="0.0.2"
       provider-name="XZ">
  <requires>
    <import addon="xbmc.python" version="2.1.0"/>
    <import addon="script.module.beautifulsoup"/>
  </requires>
  <extension point="xbmc.python.pluginsource" provides="video" library="addon.py">
    <provides>video</provides>
  </extension>
  <extension point="xbmc.addon.metadata">
    <summary>Kinolist.net</summary>
    <description>
Плагин для просмотра видео сайта Kinolist.net
    </description>
    <platform>all</platform>
  </extension>
</addon>