<?xml version="1.0" encoding="UTF-8" standalone="yes"?>
<addon id="repository.armoguy" name="Aram Ghamoyan Repository" version="1.0.3" provider-name="Aram Ghamoyan">
	<extension point="xbmc.addon.repository" name="Aram Ghamoyan Repository">
		<info compressed="false">http://raw.github.com/aramghamoyan/aramghamoyan/master/addons.xml</info>
		<checksum>http://raw.github.com/aramghamoyan/aramghamoyan/master/addons.xml.md5</checksum>
		<datadir zip="true">http://raw.github.com/aramghamoyan/aramghamoyan/master</datadir>
	</extension>
	<extension point="xbmc.addon.metadata">
		<summary>The Official Aram Ghamoyan repository</summary>
		<description>This repository contains all addons made by Aram Ghamoyan.</description>
		<disclaimer>The owners and submitters to this repository do not host or distribute any of the content displayed by these addons nor do they have any affiliation with the content providers.</disclaimer>
		<platform>all</platform>
	</extension>
</addon>
