<?xml version="1.0" encoding="UTF-8"?>
    <addon id="repository.AramGhamoyan" name="Aram Ghamoyan Repository" version="1.0.29" provider-name="Aram Ghamoyan">
        <requires>
            <import addon="xbmc.addon" version="12.0.0"/>
			<import addon="repository.Dixie-Deans-XBMC-Repo" />
			<import addon="repository.dokinl" />
			<import addon="repository.eldorado" />
			<import addon="repository.entertainmentrepobackup" />
			<import addon="repository.exodus" />
			<import addon="repository.filmkodi.com" />
			<import addon="repository.kaosbox2" />
			<import addon="repository.Kinkin" />
			<import addon="repository.filmkodi.com" />
			<import addon="repository.metalkettle" />
			<import addon="repository.q" />
			<import addon="repository.ru" />
			<import addon="repository.schismtvaddons" />
			<import addon="repository.seppius" />
			<import addon="repository.xbmc.org" />
			<import addon="repository.xunitytalk" />
			<import addon="repository.xvbmc" />
        </requires>
        <extension point="xbmc.addon.repository" name="Galaxy Repo">
            <info compressed="false">https://raw.githubusercontent.com/aramghamoyan/aramghamoyan/master/addons.xml</info>
            <checksum>https://raw.githubusercontent.com/aramghamoyan/aramghamoyan/master/addons.xml.md5</checksum>
            <datadir zip="true">https://raw.githubusercontent.com/aramghamoyan/aramghamoyan/master/zips</datadir>
            <hashes>false</hashes>
        </extension>
        <extension point="xbmc.addon.metadata">
            <summary>The Official Aram Ghamoyan repository</summary>
            <description>This repository contains all addons made by Aram Ghamoyan.</description>
            <platform>all</platform>
    </extension>
</addon>
