<?xml version="1.0" encoding="UTF-8"?>
<window>
    <defaultcontrol always="true">575</defaultcontrol>
    <allowoverlay>no</allowoverlay>
    <backgroundcolor>background</backgroundcolor>
    <include>OpenClose</include>
    <controls>
        <include>BlackBackground</include>		
        <!--include>WindowsTopInfos</include-->		
       <control type="grouplist">
            <right>18</right>
	    <top>44</top>
            <align>right</align>
            <orientation>horizontal</orientation>
            <itemgap>15</itemgap>
            <!--control type="label" description="Clock">
                <visible>!Skin.HasSetting(HideClock)</visible>
                <width>300</width>
                <height>60</height>
                <align>right</align>
                <aligny>center</aligny>
                <font>size33</font>
                <textcolor>$VAR[diffusetext]</textcolor>
                <label>$INFO[System.Time]</label>
            </control-->
        </control>				
        <control type="grouplist" description="SkinSettings-Label">
            <visible>!Window.IsActive(DialogPictureInfo.xml)</visible>
            <visible>Control.IsVisible(575)</visible>
            <top>43</top>
            <centerleft>1570</centerleft>
            <width>580</width>
            <height>60</height>
            <align>left</align>
            <orientation>horizontal</orientation>
            <control type="label" id="7777" description="Heading">
                <width>auto</width>
                <height>60</height>
                <font>size42</font>
                <scroll>false</scroll>
                <label>HAYbox Instellingen</label>
            </control>
        </control>		
<!--WindowsTopInfos--END-->			
        <control type="group">
            <posx>960</posx>
            <top>130</top>			
            <control type="grouplist" id="575">
                <width>940</width>
                <height>930</height>
                <onleft>noop</onleft>
                <onright>noop</onright>
                <itemgap>0</itemgap>
                <onup>575</onup>
                <ondown>575</ondown>
		<pagecontrol>60</pagecontrol>				
                <control type="button" id="21">
                    <width>auto</width>
                    <align>left</align>
		    <height>81</height>
                    <texturefocus colordiffuse="$VAR[diffuseselect]">images/buttonselect1.png</texturefocus>
                    <label>Fanart achtergrond tinten</label>
                    <onclick>ActivateWindow(1130)</onclick>
                </control>		
                <!--control type="button" id="35">
                    <width>auto</width>
                    <align>left</align>
		    <height>81</height>
                    <texturefocus colordiffuse="$VAR[diffuseselect]">images/buttonselect1.png</texturefocus>
                    <label>Primary BG Color</label>
                    <onclick>ActivateWindow(1132)</onclick>
                </control-->				
                <control type="button" id="27">
                    <width>auto</width>
                    <align>left</align>
		    <height>81</height>
                    <texturefocus colordiffuse="$VAR[diffuseselect]">images/buttonselect1.png</texturefocus>
                    <label>Selecteer kleur aanpassen</label>
                    <onclick>ActivateWindow(1124)</onclick>
                </control>
                <control type="button" id="28">
                    <width>auto</width>
                    <align>left</align>
		    <height>81</height>
                    <texturefocus colordiffuse="$VAR[diffuseselect]">images/buttonselect1.png</texturefocus>
                    <label>Rand kleur aanpassen</label>
                    <onclick>ActivateWindow(1125)</onclick>
                </control>
                <control type="button" id="29">
                    <width>auto</width>
                    <align>left</align>
		    <height>81</height>
                    <texturefocus colordiffuse="$VAR[diffuseselect]">images/buttonselect1.png</texturefocus>
                    <label>Lijn kleur aanpassen</label>
                    <onclick>ActivateWindow(1126)</onclick>
                </control>					
                <control type="button" id="25">
                    <width>auto</width>
                    <align>left</align>
		    <height>81</height>
                    <texturefocus colordiffuse="$VAR[diffuseselect]">images/buttonselect1.png</texturefocus>
                    <label>Geavanceerde Skin instellingen</label>
                    <onclick>ActivateWindow(1122)</onclick>
                </control>												
            </control>
        </control>
        <control type="group" description="Left panel">
            <top>80</top>
            <control type="label" description="Skin Version">
                <top>970</top>
                <posx>6</posx>			
                <width>100</width>
                <height>25</height>
                <font>size28</font>
                <textcolor>$VAR[diffusetext]</textcolor>
                <label>$INFO[System.AddonVersion(skin.iOS-X)]</label>
            </control>
            <control type="image" description="IconBorder OFF">
                <centerleft>460</centerleft> 				
				<visible>Controlgroup(575).HasFocus(31) + !Skin.HasSetting(homeiconborders)</visible>
                <include>Help_Panel</include>
                <texture>help/transparency.png</texture>
            </control>						
            <control type="image" description="IconBorder ON">
                <centerleft>460</centerleft> 				
		<visible>Controlgroup(575).HasFocus(31) + Skin.HasSetting(homeiconborders)</visible>
                <include>Help_Panel</include>
		<aspectratio>stretch</aspectratio>
                <texture>help/homeiconborderon.png</texture>				
            </control>
            <control type="image" description="IconBorder Border">
                <centerleft>460</centerleft> 
                <top>120</top>				
		<visible>Controlgroup(575).HasFocus(31)</visible>
                <width>460</width>
                <height>260</height>
		<aspectratio>stretch</aspectratio>
                <texture colordiffuse="$VAR[diffuseborder]">borders/helpmenuborder.png</texture>
            </control>			
            <control type="image" description="BG Color1">			
				<visible>Controlgroup(575).HasFocus(35) | Window.IsVisible(1132)</visible>
                <centerleft>460</centerleft>
				<top>120</top>
				<animation effect="fade" time="200">VisibleChange</animation>
				<width>460</width>
				<height>260</height>
				<aspectratio align="center" aligny="bottom">stretch</aspectratio>
                <texture colordiffuse="$VAR[bgcolor1]">help/bgcolor1.png</texture>
            </control>
            <control type="image" description="BG Color1 Border">
                <centerleft>460</centerleft> 
                <top>120</top>				
				<visible>Controlgroup(575).HasFocus(35) | Window.IsVisible(1132)</visible>
                 <width>460</width>
                 <height>260</height>
				 <aspectratio>stretch</aspectratio>
                <texture colordiffuse="$VAR[diffuseborder]">borders/helpmenuborder.png</texture>
            </control>			
            <control type="image" description="Icon Color">
                <centerleft>460</centerleft>
		<top>120</top>
                <visible>Controlgroup(575).HasFocus(39)</visible>
                <animation effect="fade" time="200">VisibleChange</animation>
                <width>256</width>
                <height>256</height>
                <aspectratio align="center" aligny="bottom">stretch</aspectratio>
                <texture colordiffuse="$VAR[diffuseicons2]">icons/base.png</texture>
            </control>
            <!--control type="image" description="Home Icon MENU">
                <centerleft>460</centerleft>
		<top>120</top>
                <visible>Controlgroup(575).HasFocus(30)</visible>
                <animation effect="fade" time="200">VisibleChange</animation>
                <width>256</width>
                <height>256</height>
                <aspectratio align="center" aligny="bottom">stretch</aspectratio>
                <texture>icons/iconnoborder.png</texture>
            </control-->			
            <!--control type="image" description="Icon Transparency">
                <centerleft>460</centerleft>
		<top>120</top>
                <visible>Controlgroup(575).HasFocus(30)</visible>
                <animation effect="fade" time="200">VisibleChange</animation>
                <width>256</width>
                <height>256</height>
                <aspectratio align="center" aligny="bottom">keep</aspectratio>
                <texture colordiffuse="$VAR[diffuseicons2]">icons/base.png</texture>
            </control-->								
            <control type="image" description="HOME BKGRND DIFFUSE">
                <visible>Controlgroup(575).HasFocus(21)</visible>
                <centerleft>460</centerleft>
				<top>120</top>
				<animation effect="fade" time="200">VisibleChange</animation>
				<width>460</width>
				<height>260</height>
				<aspectratio align="center" aligny="bottom">stretch</aspectratio>
                <texture colordiffuse="$VAR[diffusehome]">$VAR[bgimghome]</texture>
            </control>
            <control type="image" description="HOMEW BKGRND Border">
                <centerleft>460</centerleft> 
                <top>120</top>				
		<visible>Controlgroup(575).HasFocus(21)</visible>
                <width>460</width>
                <height>260</height>
		<aspectratio>stretch</aspectratio>
                <texture colordiffuse="$VAR[diffuseborder]">borders/helpmenuborder.png</texture>
            </control>			
            <control type="image" description="FANART DIFFUSE">
                <visible>Controlgroup(575).HasFocus(34)</visible>
                <centerleft>460</centerleft>
				<top>120</top>
				<animation effect="fade" time="200">VisibleChange</animation>
				<width>460</width>
				<height>260</height>
				<aspectratio align="center" aligny="bottom">stretch</aspectratio>
                <texture colordiffuse="$VAR[diffusefanartbg]">help/fanart.png</texture>
            </control>
            <control type="image" description="FANART Border">
                <centerleft>460</centerleft> 
                <top>120</top>				
				<visible>Controlgroup(575).HasFocus(34)</visible>
                 <width>460</width>
                 <height>260</height>
				 <aspectratio>stretch</aspectratio>
                <texture colordiffuse="$VAR[diffuseborder]">borders/helpmenuborder.png</texture>
            </control>						
            <control type="image" description="Other BKGRND DIFFUSE">
                <visible>Controlgroup(575).HasFocus(26)</visible>
                <centerleft>460</centerleft>
				<top>120</top>
				<animation effect="fade" time="200">VisibleChange</animation>
				<width>460</width>
				<height>260</height>
				<aspectratio align="center" aligny="bottom">stretch</aspectratio>
                <texture colordiffuse="$VAR[diffusebg]">$VAR[bgimg]</texture>
            </control>
            <control type="image" description="Other BKGRND Border">
                <centerleft>460</centerleft> 
                <top>120</top>				
				<visible>Controlgroup(575).HasFocus(26)</visible>
                 <width>460</width>
                 <height>260</height>
				 <aspectratio>stretch</aspectratio>
                <texture colordiffuse="$VAR[diffuseborder]">borders/helpmenuborder.png</texture>
            </control>			
            <control type="image" description="ICON THEME">
                <centerleft>460</centerleft>
		<top>120</top>
                <visible>Controlgroup(575).HasFocus(48)</visible>
                <animation effect="fade" time="200">VisibleChange</animation>
                <width>256</width>
                <height>256</height>
                <aspectratio align="center" aligny="bottom">stretch</aspectratio>
                <texture>$VAR[darkblue]</texture>
            </control>						
            <control type="image" description="ICON THEME Border">
                <centerleft>460</centerleft>
		<top>120</top>
                <visible>Controlgroup(575).HasFocus(48)</visible>
                <animation effect="fade" time="200">VisibleChange</animation>
                <width>256</width>
                <height>256</height>
                <aspectratio align="center" aligny="bottom">stretch</aspectratio>
                <texture colordiffuse="$VAR[diffuseborder]">borders/iconborder.png</texture>
            </control>			
            <control type="image" description="ColorMenu">
                <centerleft>460</centerleft>
                <visible>Controlgroup(575).HasFocus(5)</visible>
                <include>Help_Panel</include>
                <texture>help/colormenuon.png</texture>
            </control>
            <control type="image" description="ColorMenuOff">
                <centerleft>460</centerleft>
                <visible>Controlgroup(575).HasFocus(5) + Skin.HasSetting(colormenu)</visible>
                <include>Help_Panel</include>
                <texture>help/colormenuoff.png</texture>
            </control>
            <control type="image" description="ColorMenu Border">
                <centerleft>460</centerleft> 
                <top>120</top>				
				<visible>Controlgroup(575).HasFocus(5)</visible>
                 <width>460</width>
                 <height>260</height>
				 <aspectratio>stretch</aspectratio>
				 <texture colordiffuse="$VAR[diffuseborder]">borders/helpmenuborder.png</texture>
            </control>			
            <control type="image" description="HomePageCustomizer">
                <visible>Controlgroup(575).HasFocus(6)</visible>
                <include>Help_Panel2</include>
                <texture>help/homemenu.png</texture>
            </control>
            <control type="image" description="HomePageCustomizer Border">
                <centerleft>460</centerleft> 
                <top>120</top>				
				<visible>Controlgroup(575).HasFocus(6)</visible>
                 <width>470</width>
                 <height>262</height>
				 <aspectratio>stretch</aspectratio>
                <texture colordiffuse="$VAR[diffuseborder]">borders/helpmenuborder.png</texture>
            </control>		
            <control type="image" description="custom BKGRND">
                <centerleft>460</centerleft>
				<top>120</top>
                <visible>Controlgroup(575).HasFocus(11)</visible>
				<animation effect="fade" time="200">VisibleChange</animation>
				<width>460</width>
				<height>260</height>
				<aspectratio align="center" aligny="bottom">stretch</aspectratio>
                <texture colordiffuse="$VAR[diffusehome]">$VAR[bgimghome]</texture>
            </control>
            <control type="image" description="custom HOME BKGRND Border">
                <centerleft>460</centerleft> 
                <top>120</top>				
				<visible>Controlgroup(575).HasFocus(11)</visible>
                 <width>460</width>
                 <height>260</height>
				 <aspectratio>stretch</aspectratio>
                <texture colordiffuse="$VAR[diffuseborder]">borders/helpmenuborder.png</texture>
            </control>
            <control type="image" description="custom HOME BKGRND">
                <visible>Controlgroup(575).HasFocus(71)</visible>
				<centerleft>460</centerleft> 
				<top>120</top>	
				<animation effect="fade" time="200">VisibleChange</animation>
				<width>460</width>
				<height>260</height>
				<aspectratio align="center" aligny="bottom">stretch</aspectratio>
                <texture colordiffuse="$VAR[diffusehome]">$VAR[bgimghome]</texture>
            </control>
            <control type="image" description="custom HOME BKGRND Border">
                <centerleft>460</centerleft> 
                <top>120</top>				
				<visible>Controlgroup(575).HasFocus(71)</visible>
                 <width>460</width>
                 <height>260</height>
				 <aspectratio>stretch</aspectratio>
                <texture colordiffuse="$VAR[diffuseborder]">borders/helpmenuborder.png</texture>
            </control>
            <control type="image" description="custom BKGRND">
                <centerleft>460</centerleft>
				<top>120</top>
                <visible>Controlgroup(575).HasFocus(72)</visible>
				<animation effect="fade" time="200">VisibleChange</animation>
				<width>460</width>
				<height>260</height>
				<aspectratio align="center" aligny="bottom">stretch</aspectratio>
                <texture colordiffuse="$VAR[diffusebg]">$VAR[bgimg]</texture>
            </control>
            <control type="image" description="custom BKGRND Border">
                <centerleft>460</centerleft> 
                <top>120</top>				
				<visible>Controlgroup(575).HasFocus(72)</visible>
                 <width>460</width>
                 <height>260</height>
				 <aspectratio>stretch</aspectratio>
                <texture colordiffuse="$VAR[diffuseborder]">borders/helpmenuborder.png</texture>
            </control>
            <control type="image" description="custom BKGRND">
                <visible>Controlgroup(575).HasFocus(73)</visible>
				<centerleft>460</centerleft> 
				<top>120</top>	
				<animation effect="fade" time="200">VisibleChange</animation>
				<width>460</width>
				<height>260</height>
				<aspectratio align="center" aligny="bottom">stretch</aspectratio>
                <texture colordiffuse="$VAR[diffusebg]">$VAR[bgimg]</texture>
            </control>
            <control type="image" description="custom BKGRND Border">
                <centerleft>460</centerleft> 
                <top>120</top>				
				<visible>Controlgroup(575).HasFocus(73)</visible>
                 <width>460</width>
                 <height>260</height>
				 <aspectratio>stretch</aspectratio>
                <texture colordiffuse="$VAR[diffuseborder]">borders/helpmenuborder.png</texture>
            </control>			
            <control type="image" description="custom BKGRND MENU">
                <visible>Controlgroup(575).HasFocus(38)</visible>
                <centerleft>460</centerleft>
				<top>120</top>
				<animation effect="fade" time="200">VisibleChange</animation>
				<width>460</width>
				<height>260</height>
				<aspectratio align="center" aligny="bottom">stretch</aspectratio>
                <texture colordiffuse="$VAR[diffusebg]">$VAR[bgimg2]</texture>
            </control>
            <control type="image" description="custom BKGRND MENU Border">
                <centerleft>460</centerleft> 
                <top>120</top>				
				<visible>Controlgroup(575).HasFocus(38)</visible>
                 <width>460</width>
                 <height>260</height>
				 <aspectratio>stretch</aspectratio>
                <texture colordiffuse="$VAR[diffuseborder]">borders/helpmenuborder.png</texture>
            </control>			
            <control type="image" description="Text ColorBG">
                <centerleft>460</centerleft>
                <visible>Controlgroup(575).HasFocus(33)</visible>
                <include>Help_Panel</include>
                <texture colordiffuse="$VAR[diffusebg]">$VAR[bgimg]</texture>
            </control>				
            <!--control type="textbox" description="Text Color">
                <top>200</top>
				<posx>268</posx>
                <visible>Controlgroup(575).HasFocus(33)</visible>
                <animation effect="fade" time="200">VisibleChange</animation>
                <width>460</width>
                <height>380</height>
				<font>Size60B</font>
                 <aspectratio align="center" aligny="bottom">keep</aspectratio>
				<textcolor>$VAR[diffusetext]</textcolor>
                <label>[B]TEXT COLOR[/B]</label>
            </control-->	
            <control type="image" description="Textcolor">
                <centerleft>460</centerleft> 
                <top>120</top>				
				<visible>Controlgroup(575).HasFocus(33)</visible>
                 <width>460</width>
                 <height>260</height>
                <texture colordiffuse="$VAR[diffusetext]">help/textcolor.png</texture>
            </control>			
            <control type="image" description="Textcolor Border">
                <centerleft>460</centerleft> 
                <top>120</top>				
				<visible>Controlgroup(575).HasFocus(33)</visible>
                 <width>460</width>
                 <height>260</height>
				 <aspectratio>stretch</aspectratio>
                <texture colordiffuse="$VAR[diffuseborder]">borders/helpmenuborder.png</texture>
            </control>
            <!--control type="image" description="Select Color">
                <centerleft>460</centerleft>
				<top>120</top>
                <visible>Controlgroup(575).HasFocus(41)</visible>
                <animation effect="fade" time="200">VisibleChange</animation>
                <width>256</width>
                <height>256</height>
                <aspectratio align="center" aligny="bottom">stretch</aspectratio>
                <texture>help/systeminfo.png</texture>
            </control-->						
            <control type="image" description="Selector Color">
                <centerleft>460</centerleft>
				<top>120</top>
                <visible>Controlgroup(575).HasFocus(27) | Window.IsVisible(1124)</visible>
                <animation effect="fade" time="200">VisibleChange</animation>
                <width>400</width>
                <height>256</height>
                <aspectratio align="center" aligny="bottom">scretch</aspectratio>
                <texture>icons/iconnoborder.png</texture>
            </control>
            <control type="image" description="Selector Color Border">
                <centerleft>460</centerleft>
				<top>102</top>
                <visible>Controlgroup(575).HasFocus(27) | Window.IsVisible(1124)</visible>
                <animation effect="fade" time="200">VisibleChange</animation>
                <width>400</width>
                <height>290</height>
                <aspectratio align="center" aligny="bottom">stretch</aspectratio>
                <texture colordiffuse="$VAR[diffuseselect]">help/selectorcolor.png</texture>
            </control>															
            <control type="image" description="BorderColor">
                <centerleft>460</centerleft>
				<top>120</top>
                <visible>Controlgroup(575).HasFocus(25) | Controlgroup(575).HasFocus(28) | Controlgroup(575).HasFocus(29) | Controlgroup(575).HasFocus(30) | Window.IsVisible(1125) | Window.IsVisible(1126)</visible>
				<visible>!Window.IsVisible(1148)</visible>
                <animation effect="fade" time="200">VisibleChange</animation>
                <width>400</width>
                <height>256</height>
                <aspectratio align="center" aligny="bottom">stretch</aspectratio>
                <texture>icons/iconnoborder.png</texture>
            </control>
            <control type="image" description="BorderColor Border">
                <centerleft>460</centerleft>
				<top>120</top>
                <visible>Controlgroup(575).HasFocus(25) | Controlgroup(575).HasFocus(28) | Controlgroup(575).HasFocus(29) | Controlgroup(575).HasFocus(30) | Window.IsVisible(1125) | Window.IsVisible(1126)</visible>
				<visible>!Window.IsVisible(1148)</visible>
                <animation effect="fade" time="200">VisibleChange</animation>
                <width>400</width>
                <height>256</height>
                <aspectratio align="center" aligny="bottom">stretch</aspectratio>
                <texture colordiffuse="$VAR[diffuseborder]">borders/iconborder.png</texture>
            </control>																				
            <control type="image" description="icon shelf">
                <centerleft>460</centerleft>
                <visible>Controlgroup(575).HasFocus(12)</visible>
                <include>Help_Panel</include>
                <texture>$VAR[ShelfLogo]</texture>
            </control>
        </control>
        <control type="image" description="Line">
            <posx>120</posx>
            <top>540</top>
            <height>1</height>
            <width>660</width>
            <texture colordiffuse="$VAR[diffuselines]">lines/Line.png</texture>
        </control>
        <control type="textbox" description="HelpDetails">
            <posx>120</posx>
            <top>560</top>
            <width>650</width>
            <height>380</height>
            <font>size28</font>
            <align>center</align>
            <label>[COLOR=$VAR[diffusetext]]$VAR[helptext][/COLOR]</label>
        </control>
        <control type="label" description="HelpDetails">
            <include>VisibleFade</include>
            <visible>Controlgroup(575).HasFocus(12) + Skin.HasSetting(CustomImage)</visible>
            <top>500</top>
            <width>960</width>
            <height>25</height>
            <font>size21</font>
            <align>left</align>
            <textcolor>$VAR[diffusetext]</textcolor>
            <label>$VAR[ShelfLogo]</label>
        </control>
        <control type="label" description="HelpDetails">
            <include>VisibleFade</include>
            <visible>Controlgroup(575).HasFocus(11) + Skin.HasSetting(CustomBg)</visible>
            <top>500</top>
            <width>960</width>
            <height>25</height>
            <font>size21</font>
            <align>left</align>
            <textcolor>$VAR[diffusetext]</textcolor>
            <label>$VAR[bgimg]</label>
        </control>									
    </controls>
</window>
