<?xml version="1.0" encoding="UTF-8" standalone="yes"?>
<addon id="plugin.video.NLTV"
       name="NL TV"
       version="0.0.3"
       provider-name="Aram Ghamoyan">
  <requires>
  </requires>
  <extension point="xbmc.python.pluginsource" library="default.py">
    <provides>video audio</provides>
  </extension>
  <extension point="xbmc.addon.metadata">
    <summary lang="en">Addon white Dutch Content!!</summary>
    <description lang="en"></description>
    <platform>all</platform>
  </extension>
</addon>
