<?xml version="1.0" encoding="UTF-8"?>
<window type="dialog" id="1718">
    <defaultcontrol always="true">3</defaultcontrol>
    <include>DialogOpenClose</include>
    <controls>
        <control type="group">
            <visible allowhiddenfocus="true">ControlGroup(9000).HasFocus()</visible>
            <include>DialogOpenCloseVisible</include>
            <!--control type="image" description="List back">
                <left>540</left>
                <top>210</top>
                <width>840</width>
                <height>660</height>
                <aspectratio>stretch</aspectratio>
                <texture border="150" colordiffuse="$VAR[bgcolor1]">images/Dialog.png</texture>
            </control-->
			
            <control type="image" description="List back">				
                <posx>704</posx>
                <top>340</top>
                <width>504</width>
                <height>396</height>
                <aspectratio>scale</aspectratio>				
                <texture colordiffuse="$VAR[diffusemenu]">$VAR[bgimg2]</texture>				
          </control>		  
            <control type="image" description="List back border">			
                <posx>704</posx>
                <top>340</top>
                <width>504</width>
                <height>396</height>
                <aspectratio>stretch</aspectratio>				
                <texture colordiffuse="$VAR[diffuseborder]">borders/Dialogborder.png</texture>				
          </control>			
						
            <control type="grouplist" id="9000">
                <include>DialogGLs</include>
                <control type="button" id="1">
                    <include>DialogButt</include>
                    <label>19023</label>
                    <onclick>close</onclick>
                    <onclick>ActivateWindow(tvchannels)</onclick>
                </control>
                <control type="button" id="2">
                    <include>DialogButt</include>
                    <label>19024</label>
                    <onclick>close</onclick>
                    <onclick>ActivateWindow(radiochannels)</onclick>
                </control>
                <control type="button" id="3">
                    <include>DialogButt</include>
                    <label>19069</label>
                    <onclick>close</onclick>
                    <onclick>ActivateWindow(tvguide)</onclick>
                </control>
                <control type="button" id="4">
                    <include>DialogButt</include>
                    <label>19163</label>
                    <onclick>close</onclick>
                    <onclick>ActivateWindow(tvrecordings)</onclick>
                </control>
                <control type="button" id="5">
                    <include>DialogButt</include>
                    <label>19040</label>
                    <onclick>close</onclick>
                    <onclick>ActivateWindow(tvtimers)</onclick>
                </control>
            </control>
        </control>
    </controls>
</window>
