<favourites>
	<favourite name="1. Doki Club TV" thumb="special://home/addons\plugin.video.clubtv\icon.png">ActivateWindow(10025,&quot;plugin://plugin.video.clubtv?sf_options=fanart%3Dspecial%3A%2F%2Fhome%2Faddons%5Cplugin.video.clubtv%5Cfanart.jpg%26desc%3DAlle+Youtube+kanalen+van+voetbal+clubs%26_options_sf&quot;,return)</favourite>
    <favourite name="2. Jericho" thumb="C:\Users\Aram Ghamoyan\AppData\Roaming\Kodi\addons\plugin.video.jericho\icon.png">ActivateWindow(10025,&quot;plugin://plugin.video.jericho/&quot;,return)</favourite>
	<favourite name="3. SportsDevil" thumb="special://home/addons\plugin.video.SportsDevil\icon.png">ActivateWindow(10025,&quot;plugin://plugin.video.SportsDevil?sf_options=fanart%3Dspecial%3A%2F%2Fhome%2Faddons%5Cplugin.video.SportsDevil%5Cfanart.jpg%26desc%3DPlay+videos+of+different+sports+streaming+sites%26_options_sf&quot;,return)</favourite>
    <favourite name="4. UFC Youtube" thumb="C:\Users\Aram Ghamoyan\AppData\Roaming\Kodi\addons\plugin.video.youtube.ufc\icon.png">ActivateWindow(10025,&quot;plugin://plugin.video.youtube.ufc/&quot;,return)</favourite>
</favourites>