<?xml version="1.0" encoding="UTF-8"?>
<window>
	<defaultcontrol always="true">5000</defaultcontrol>
	<allowoverlay>no</allowoverlay>
	<controls>
	<include>Background</include>
		<control type="group">
		  <left>932</left>
		  <top>462</top>
		  <control type="label">
			  <top>-62</top>
			  <label>Loading...</label>
			  <font>font30m</font>
			  <left>-30</left>
			  <textcolor>white</textcolor>
			  <style>bold</style>
		  </control>
		  <control type="multiimage" description="Busy animation">
			<width>60</width>
			<height>60</height>
			<imagepath>busy/Loading</imagepath>
			<timeperimage>80</timeperimage>
			<fadetime>0</fadetime>
			<loop>yes</loop>
			<aspectratio>keep</aspectratio>
		  </control>
		</control>
		<control type="list" id="5000">
			<left>-90</left>
			<top>0</top>
			<width>2100</width>
			<height>1080</height>
			<onleft>5000</onleft>
			<onright>5000</onright>
			<ondown>9001</ondown>
			<animation effect="fade" start="0" end="100" time="300" tween="sine">WindowOpen</animation>
			<animation effect="fade" end="100" time="200" tween="sine">WindowClose</animation>
			<scrolltime tween="sine">400</scrolltime>
			<orientation>Horizontal</orientation>
			<itemlayout height="1080" width="1920">
				<control type="image">
					<left>90</left>
					<top>0</top>
					<width>1920</width>
					<height>1080</height>
					<aspectratio>keep</aspectratio>
					<fadetime>200</fadetime>
					<texture>$INFO[ListItem.Property(Original)]</texture>
				</control>
			</itemlayout>
			<focusedlayout height="1080" width="1920">
				<control type="image">
					<left>90</left>
					<top>0</top>
					<width>1920</width>
					<height>1080</height>
					<aspectratio>keep</aspectratio>
					<fadetime>200</fadetime>
					<texture>$INFO[ListItem.Property(Original)]</texture>
				</control>
			</focusedlayout>
		</control>
	</controls>
</window>
