<?xml version="1.0" encoding="UTF-8" standalone="yes"?>
<addon id="plugin.program.AutoDelete" name="[B]AutoDelete[/B]" version="1.0.0" provider-name="Aram Ghamoyan">
  <requires>
    <import addon="xbmc.python" version="2.1.0"/>
  </requires>
  <extension point="xbmc.python.pluginsource" library="default.py">
        <provides>executable</provides>
  </extension>
  <extension point="xbmc.service" library="startup.py" start="startup" />
  <extension point="xbmc.addon.metadata">
    <summary lang="en">AutoDeleter</summary>
    <description lang="en">This Addon Deletes all Cache, Thumbnails and packages on startup auto</description>
    <platform>all</platform>
  </extension>
</addon>
