<?xml version="1.0" encoding="UTF-8"?>
<addon id="plugin.program.haybox.notifications" version="1.0.8"
       name="HAYbox Notifications" provider-name="Aram Ghamoyan">
  <requires>
  	<import addon="xbmc.python" version="2.1.0"/>
  	<import addon="script.module.addon.common" optional="true" />
  </requires>
  <extension point="xbmc.python.script" library="default.py">
    <provides>executable</provides>
  </extension>
  <extension point="xbmc.service" library="service.py" start="startup">
  </extension>
  <extension point="xbmc.addon.metadata">
  	<summary>HAYbox TV</summary>
  	<description>Receive Important HAYbox Notifications. Unsubscribe within Add-on Settings.</description>
  	<disclaimer>We take no responsibility for any problems this plugin might in any way, form, shape or size cause.</disclaimer>
  	<language>en</language>
  	<platform>all</platform>
  	<source></source>
  	<email></email>
  </extension>
</addon>
