<?xml version="1.0" encoding="utf-8"?>
<includes>

<include name="TouchControlsHome">
	<!-- page button left -->
	<control type="button">
		<left>43%</left>
        <top>354</top>
        <width>60</width>
		<height>60</height>
		<label>-</label>
		<pulseonselect>false</pulseonselect>
		<texturefocus colordiffuse="white">home/home_arrow_up.png</texturefocus>
		<texturenofocus colordiffuse="$INFO[Skin.String(ButtonFocusColor)]">home/home_arrow_up.png</texturenofocus>
		<onclick>PageUp(60)</onclick>
		<animation effect="slide" start="0,0" end="0,85" time="0" condition="Skin.String(HomeLayout, enhanced)">Conditional</animation>
		<visible>Skin.HasSetting(EnableTouchSupport)</visible>
	</control>
	
	<!-- page button left -->
	<control type="button">
		<top>354</top>
        <width>60</width>
        <height>60</height>
		<label></label>
		<pulseonselect>false</pulseonselect>
		<textcolor fallback="white">$INFO[Skin.String(ButtonTextColor)]</textcolor>
        <focusedcolor>$INFO[Skin.String(ButtonFocusTextColor)]</focusedcolor>
        <disabledcolor>$INFO[Skin.String(GeneralTextColor)]</disabledcolor>
		<font>Light36</font>
        <texturefocus colordiffuse="$INFO[Skin.String(ButtonFocusColor)]" border="5">diffuse/panel.png</texturefocus>
        <texturenofocus colordiffuse="$INFO[Skin.String(GeneralPanelsColor)]" border="5">diffuse/panel.png</texturenofocus>
        <textoffsetx>0</textoffsetx>
		<onclick>PageUp(60)</onclick>
		<animation effect="slide" start="0,0" end="0,85" time="0" condition="Skin.String(HomeLayout, enhanced)">Conditional</animation>
		<visible>Skin.HasSetting(EnableTouchSupport)</visible>
	</control>
	<control type="image">
		<left>3</left>
		<top>0</top>
		<width>20</width>
		<height>149</height>
		<texture flipx="true">info/arrowright.png</texture>
		<aspectratio>keep</aspectratio>
		<animation effect="slide" start="0,0" end="0,85" time="0" condition="Skin.String(HomeLayout, enhanced)">Conditional</animation>
		<visible>Skin.HasSetting(EnableTouchSupport)</visible>
	</control>

	<!-- page button right -->
	<control type="button">
		<left>43%</left>
        <top>454</top>
        <width>60</width>
        <height>60</height>
		<label>-</label>
		<aspectratio>keep</aspectratio>
		<pulseonselect>false</pulseonselect>
		<texturefocus colordiffuse="white">home/home_arrow_down.png</texturefocus>
		<texturenofocus colordiffuse="$INFO[Skin.String(ButtonFocusColor)]">home/home_arrow_down.png</texturenofocus>
		<onclick>PageDown(60)</onclick>
		<animation effect="slide" start="0,0" end="0,85" time="0" condition="Skin.String(HomeLayout, enhanced)">Conditional</animation>
		<visible>Skin.HasSetting(EnableTouchSupport)</visible>
	</control>
	
	<!-- page button right -->
	<control type="button">
		<top>454</top>
        <width>60</width>
        <height>60</height>
		<label></label>
		<pulseonselect>false</pulseonselect>
		<textcolor fallback="white">$INFO[Skin.String(ButtonTextColor)]</textcolor>
        <focusedcolor>$INFO[Skin.String(ButtonFocusTextColor)]</focusedcolor>
        <disabledcolor>$INFO[Skin.String(GeneralTextColor)]</disabledcolor>
		<font>Light36</font>
        <texturefocus colordiffuse="$INFO[Skin.String(ButtonFocusColor)]" border="5">diffuse/panel.png</texturefocus>
        <texturenofocus colordiffuse="$INFO[Skin.String(GeneralPanelsColor)]" border="5">diffuse/panel.png</texturenofocus>
        <textoffsetx>0</textoffsetx>
		<onclick>PageDown(60)</onclick>
		<animation effect="slide" start="0,0" end="0,85" time="0" condition="Skin.String(HomeLayout, enhanced)">Conditional</animation>
		<visible>Skin.HasSetting(EnableTouchSupport)</visible>
	</control>
	<control type="image">
		<right>3</right>
		<top>730</top>
		<width>20</width>
		<height>149</height>
		<texture>info/home_arrow_down.png</texture>
		<aspectratio>keep</aspectratio>
		<animation effect="slide" start="0,0" end="0,85" time="0" condition="Skin.String(HomeLayout, enhanced)">Conditional</animation>
		<visible>Skin.HasSetting(EnableTouchSupport)</visible>
	</control>
</include>

<include name="touchbutton_layout">
    <label></label>
    <include>animation_fade_visible_hidden</include>
    <width>60</width>
    <height>60</height>
    <font>-</font>
    <radiowidth>50</radiowidth>
    <radioheight>50</radioheight>
    <radioposx>5</radioposx>
</include>

<include name="close_button">
    <control type="radiobutton" id="199199">
        <include>touchbutton_layout</include>
        <textureradiofocus colordiffuse="$INFO[Skin.String(ButtonFocusTextColor)]">touchcontrols/close.png</textureradiofocus>
        <textureradionofocus colordiffuse="$INFO[Skin.String(ButtonTextColor)]">touchcontrols/close.png</textureradionofocus>
        <selected>Control.HasFocus(199199)</selected>
        <onclick>ClearProperty(ShowViewSubMenu, Home)</onclick>
        <onclick condition="!StringCompare(Window(Home).Property(ShowViewSubMenu),show)">Back</onclick>
    </control>
</include>

<include name="back_button">
    <control type="radiobutton" id="199198">
        <include>touchbutton_layout</include>
        <textureradiofocus colordiffuse="$INFO[Skin.String(ButtonFocusTextColor)]">touchcontrols/back.png</textureradiofocus>
        <textureradionofocus colordiffuse="$INFO[Skin.String(ButtonTextColor)]">touchcontrols/back.png</textureradionofocus>
        <selected>Control.HasFocus(199198)</selected>
        <onclick>ClearProperty(ShowViewSubMenu, Home)</onclick>
        <onclick>Back</onclick>
    </control>
</include>

<include name="home_button">
    <control type="radiobutton" id="199197">
        <include>touchbutton_layout</include>
        <textureradiofocus colordiffuse="$INFO[Skin.String(ButtonFocusTextColor)]">touchcontrols/home.png</textureradiofocus>
        <textureradionofocus colordiffuse="$INFO[Skin.String(ButtonTextColor)]">touchcontrols/home.png</textureradionofocus>
        <selected>Control.HasFocus(199102)</selected>
        <onclick>Back</onclick>
        <onclick>ActivateWindow(Home)</onclick>
        <onclick>ClearProperty(ShowViewSubMenu, Home)</onclick>
    </control>
</include>

<include name="TouchControlsFooter">
	<control type="grouplist">
		<posx>60</posx>
		<bottom>14</bottom>
		<width>1000</width>
		<height>60</height>
		<itemgap>25</itemgap>
		<onup>noop</onup>
		<ondown>noop</ondown>
		<onleft>200</onleft>
		<onright>200</onright>
		<orientation>horizontal</orientation>
		<animation effect="zoom" start="100" end="80" center="auto" easing="out" tween="back" time="0" condition="skin.hastheme(classic)">Conditional</animation>
		<animation effect="slide" start="0,0" end="-25,-30" center="auto" easing="out" tween="back" time="0" condition="skin.hastheme(classic) + !window.isactive(home)">Conditional</animation>
		<animation effect="slide" start="0,0" end="-25,-11" center="auto" easing="out" tween="back" time="0" condition="skin.hastheme(classic) + window.isactive(home)">Conditional</animation>
		<animation effect="slide" start="0,0" end="12,9" center="auto" easing="out" tween="back" time="0" condition="Skin.String(HomeLayout, enhanced) + window.isactive(home)">Conditional</animation>
		<animation time="200" effect="fade" start="100" end="0" delay="0" condition="control.isvisible(4444) + [Skin.String(HomeLayout,1) | Skin.String(HomeLayout,2)]">Conditional</animation>
		<visible>!Window.IsActive(startup)</visible>
		
		<control type="radiobutton" id="199101">
			<include>touchbutton_layout</include>
            <textureradiofocus colordiffuse="$INFO[Skin.String(ButtonFocusTextColor)]">touchcontrols/back.png</textureradiofocus>
            <textureradionofocus colordiffuse="$INFO[Skin.String(ButtonTextColor)]">touchcontrols/back.png</textureradionofocus>
            <selected>Control.HasFocus(199101)</selected>
			<onclick>Back</onclick>
			<onclick>ClearProperty(ShowViewSubMenu, Home)</onclick>
			<onclick>ClearProperty(ShowWidget, Home)</onclick>
			<visible>!Window.IsActive(Home) | [Window.IsActive(Home) + Player.HasMedia]</visible>
		</control>
		<control type="radiobutton" id="199102">
			<include>touchbutton_layout</include>
            <textureradiofocus colordiffuse="$INFO[Skin.String(ButtonFocusTextColor)]">touchcontrols/home.png</textureradiofocus>
            <textureradionofocus colordiffuse="$INFO[Skin.String(ButtonTextColor)]">touchcontrols/home.png</textureradionofocus>
            <selected>Control.HasFocus(199102)</selected>
            <onclick>Back</onclick>
			<onclick>ActivateWindow(Home)</onclick>
			<onclick>ClearProperty(ShowViewSubMenu, Home)</onclick>
		</control>
		<control type="radiobutton" id="199103">
			<include>touchbutton_layout</include>
            <textureradiofocus colordiffuse="$INFO[Skin.String(ButtonFocusTextColor)]">touchcontrols/power.png</textureradiofocus>
            <textureradionofocus colordiffuse="$INFO[Skin.String(ButtonTextColor)]">touchcontrols/power.png</textureradionofocus>
            <selected>Control.HasFocus(199103)</selected>
			<onclick>ActivateWindow(111)</onclick>
			<visible>!Skin.HasSetting(DisablePowerMenu)</visible>
			<onclick>ClearProperty(ShowViewSubMenu, Home)</onclick>
			<visible>Window.IsActive(Home)</visible>
		</control>
		<!-- show widget -->
		<control type="radiobutton" id="199105">
			<include>touchbutton_layout</include>
            <textureradiofocus colordiffuse="$INFO[Skin.String(ButtonFocusTextColor)]">touchcontrols/widget.png</textureradiofocus>
            <textureradionofocus colordiffuse="$INFO[Skin.String(ButtonTextColor)]">touchcontrols/widget.png</textureradionofocus>
            <selected>Control.HasFocus(199105)</selected>
			<onclick condition="StringCompare(Window(Home).Property(ShowWidget),show)">Control.SetFocus(300)</onclick>
			<onclick condition="!StringCompare(Window(Home).Property(ShowWidget),show)">SetProperty(ShowWidget, show, Home)</onclick>
			<onclick condition="StringCompare(Window(Home).Property(ShowWidget),show)">ClearProperty(ShowWidget, Home)</onclick>
			<visible>Window.IsActive(Home) + [Skin.String(HomeLayout,1) | Skin.String(HomeLayout,2) | Skin.String(HomeLayout,1small) | Skin.String(HomeLayout,2small)] </visible>
			<visible>!IsEmpty(Container(300).ListItem.Property(widget))</visible>
		</control>
	</control>

	<!-- battery status -->
	<control type="group">
		<bottom>0</bottom>
		<height>60</height>
		<visible>Skin.HasSetting(EnableTouchSupport)</visible>
		<animation time="200" effect="fade" start="100" end="0" delay="0" condition="SubString(Window(Home).Property(submenu),show)">Conditional</animation>
		<animation effect="slide" start="0,0" end="-25,15" center="auto" easing="out" tween="back" time="0" condition="Skin.String(HomeLayout, enhanced) + window.isactive(home)">Conditional</animation>
		<animation effect="slide" start="0,0" end="-20,0" center="auto" easing="out" tween="back" time="0" condition="skin.hastheme(classic)">Conditional</animation>
		<control type="group">
			<posx>110r</posx>
			<posy>-5</posy>
			<control type="image">
				<posx>0</posx>
				<posy>0</posy>
				<width>4</width>
				<height>30</height>
				<colordiffuse>$INFO[Skin.String(FooterTextColor)]</colordiffuse>
				<texture>touchcontrols/BatteryBackBase.png</texture>
			</control>
			<control type="progress">
				<visible>Skin.HasSetting(EnableTouchSupport)</visible>
				<description>Battery Percent</description>
				<posx>4</posx>
				<posy>0</posy>
				<width>48</width>
				<height>30</height>
				<texturebg colordiffuse="$INFO[Skin.String(FooterTextColor)]">touchcontrols/BatteryBack.png</texturebg>
				<midtexture colordiffuse="$INFO[Skin.String(FooterTextColor)]">touchcontrols/BatteryFront.png</midtexture>
				<info>System.BatteryLevel</info>	
			</control>
			<control type="image">
				<posx>52</posx>
				<posy>0</posy>
				<width>10</width>
				<height>30</height>
				<texture border="2,0,0,0">touchcontrols/BatteryBackCap.png</texture>
				<colordiffuse>$INFO[Skin.String(FooterTextColor)]</colordiffuse>
			</control>
			</control>
			<control type="label">
				<posx>120r</posx>
				<posy>0</posy>
				<width>200</width>
				<height>18</height>
				<font>Reg26</font>
				<textcolor>$INFO[Skin.String(FooterTextColor)]</textcolor>
				<align>right</align>
				<aligny>center</aligny>
				<label>$INFO[System.BatteryLevel]</label>
			</control>
		</control>
	</include>

<include name="TouchScreenWorkaround">
	<control type="group">
		<posx>0</posx>
		<posy>0</posy>
		<control type="list" id="19000">
			<width>100%</width>
			<height>100%</height>
			<pagecontrol>-</pagecontrol>
			<orientation>vertical</orientation>
			<itemlayout width="100%" height="100%">
			</itemlayout>
			<focusedlayout width="1920" height="1200">
			</focusedlayout>
			<content>
				<item id="1">
					<label></label>
					<thumb>-</thumb>
					<onclick>ClearProperty(ShowViewSubMenu, Home)</onclick>
					<onclick>ClearProperty(ShowWidget, Home)</onclick>
					<onclick condition="SubString(Window.Property(xmlfile),Lyrics)">back</onclick>
					<onclick>ClearProperty(submenu, Home)</onclick>
				</item>
			</content>
		</control>
	</control>
	<control type="group">
		<posx>0</posx>
		<posy>0</posy>
		<visible>Control.IsVisible(500) | Control.IsVisible(52) | Control.IsVisible(52) | Control.IsVisible(58) | Control.IsVisible(52) | Control.IsVisible(501) | Control.IsVisible(502) | Control.IsVisible(506) | Control.IsVisible(507) | Control.IsVisible(508) | Control.IsVisible(513) | Control.IsVisible(514) | Control.IsVisible(300)</visible>
		<control type="list" id="19001">
			<width>100%</width>
			<height>100%</height>
			<pagecontrol>-</pagecontrol>
			<onfocus>ClearProperty(ShowViewSubMenu, Home)</onfocus>
			<onfocus>ClearProperty(ShowWidget, Home)</onfocus>
			<orientation>horizontal</orientation>
			<itemlayout width="100%" height="100%">
			</itemlayout>
			<focusedlayout width="1920" height="1200">
			</focusedlayout>
			<content>
				<item id="1">
					<label></label>
					<thumb>-</thumb>
					<onclick>ClearProperty(ShowViewSubMenu, Home)</onclick>
					<onclick>ClearProperty(ShowWidget, Home)</onclick>
					<onclick>ClearProperty(submenu, Home)</onclick>
				</item>
			</content>
		</control>
	</control>
</include>

</includes>
