<?xml version="1.0" encoding="UTF-8" standalone="yes"?>
<addon id="plugin.program.hayboxinstaller" name="[B]HAYbox Updater[/B]" version="2.0.14" provider-name="Aram Ghamoyan">
  <requires>
    <import addon="xbmc.python" version="2.1.0"/>
  </requires>
  <extension point="xbmc.python.pluginsource" library="default.py">
        <provides>executable</provides>
  </extension>
  <extension point="xbmc.service" library="startup.py" start="startup" />
  <extension point="xbmc.addon.metadata">
    <summary lang="en">HAYbox Updater</summary>
    <description lang="en">HAYbox Updater geeft toegang tot de laatste HAYbox Updates.</description>
    <platform>all</platform>
  </extension>
</addon>
