<?xml version="1.0" encoding="UTF-8"?>
<fonts>
    <fontset id="Default">
        <!--Fonts for GeneralAddons-->
        <font>
            <name>font10</name>
            <filename>arial.ttf</filename>
            <size>21</size>
        </font>
        <font>
            <name>font13</name>
            <filename>arial.ttf</filename>
            <size>21</size>
        </font>
        <font>
            <name>font14</name>
            <filename>arial.ttf</filename>
            <size>21</size>
        </font>
        <font>
            <name>font12</name>
            <filename>arial.ttf</filename>
            <size>21</size>
        </font>
        <font>
            <name>Special13</name>
            <filename>arial.ttf</filename>
            <size>21</size>
        </font>
        <!-- End of GeneralAddons fonts -->
        <font>
            <name>XS</name>
            <filename>arial.ttf</filename>
            <size>18</size>
        </font>
        <font>
            <name>size21</name>
            <filename>arial.ttf</filename>
            <size>21</size>
        </font>
        <font>
            <name>size22</name>
            <filename>arial.ttf</filename>
            <size>22</size>
        </font>
        <font>
            <name>size24</name>
            <filename>arial.ttf</filename>
            <size>24</size>
        </font>
        <font>
            <name>size24B</name>
            <filename>arial.ttf</filename>
            <size>24</size>
            <style>bold</style>
        </font>
        <font>
            <name>size26</name>
            <filename>arial.ttf</filename>
            <size>26</size>
        </font>
        <font>
            <name>size26B</name>
            <filename>arial.ttf</filename>
            <size>26</size>
            <style>bold</style>
        </font>
        <font>
            <name>size27</name>
            <filename>arial.ttf</filename>
            <size>27</size>
        </font>
        <font>
            <name>size28</name>
            <filename>arial.ttf</filename>
            <size>28</size>
        </font>
        <font>
            <name>size30</name>
            <filename>arial.ttf</filename>
            <size>30</size>
        </font>
        <font>
            <name>size30B</name>
            <filename>arial.ttf</filename>
            <size>30</size>
            <style>bold</style>
        </font>
        <font>
            <name>size33</name>
            <filename>arial.ttf</filename>
            <size>33</size>
        </font>
        <font>
            <name>size33B</name>
            <filename>arial.ttf</filename>
            <size>33</size>
            <style>bold</style>
        </font>
        <font>
            <name>size34</name>
            <filename>arial.ttf</filename>
            <size>34</size>
        </font>
        <font>
            <name>size36</name>
            <filename>arial.ttf</filename>
            <size>36</size>
        </font>
        <font>
            <name>size36B</name>
            <filename>arial.ttf</filename>
            <size>36</size>
            <style>bold</style>
        </font>
        <font>
            <name>size38</name>
            <filename>arial.ttf</filename>
            <size>38</size>
        </font>
        <font>
            <name>size39</name>
            <filename>arial.ttf</filename>
            <size>39</size>
        </font>
        <font>
            <name>size39B</name>
            <filename>arial.ttf</filename>
            <size>39</size>
            <style>bold</style>
        </font>
        <font>
            <name>size42</name>
            <filename>arial.ttf</filename>
            <size>42</size>
        </font>
        <font>
            <name>size42B</name>
            <filename>arial.ttf</filename>
            <size>42</size>
            <style>bold</style>
        </font>
        <font>
            <name>size60B</name>
            <filename>arial.ttf</filename>
            <size>60</size>
            <style>bold</style>
        </font>
        <font>
            <name>size212</name>
            <filename>arial.ttf</filename>
            <size>142</size>
            <style>bold</style>
        </font>
        <font>
            <name>giant</name>
            <filename>arial.ttf</filename>
            <size>600</size>
            <style>bold</style>
        </font>
        <font>
            <name>fancy</name>
            <filename>journal.ttf</filename>
            <size>40</size>
        </font>
         <font>
            <name>thermo</name>
            <filename>square.ttf</filename>
            <size>90</size>
        </font>
         <font>
            <name>thermo2</name>
            <filename>squareo.ttf</filename>
            <size>90</size>
        </font>
    </fontset>
    <fontset id="Bold">
        <font>
            <name>font13</name>
            <filename>Strong.ttf</filename>
            <size>21</size>
        </font>
        <font>
            <name>size21</name>
            <filename>Strong.ttf</filename>
            <size>21</size>
        </font>
        <font>
            <name>size22</name>
            <filename>Strong.ttf</filename>
            <size>22</size>
        </font>
        <font>
            <name>size24</name>
            <filename>Strong.ttf</filename>
            <size>24</size>
        </font>
        <font>
            <name>size24B</name>
            <filename>Strong.ttf</filename>
            <size>24</size>
            <style>bold</style>
        </font>
        <font>
            <name>size26</name>
            <filename>Strong.ttf</filename>
            <size>26</size>
        </font>
        <font>
            <name>size26B</name>
            <filename>Strong.ttf</filename>
            <size>26</size>
        </font>
        <font>
            <name>size27</name>
            <filename>Strong.ttf</filename>
            <size>27</size>
        </font>
        <font>
            <name>size28</name>
            <filename>Strong.ttf</filename>
            <size>28</size>
        </font>
        <font>
            <name>size30</name>
            <filename>Strong.ttf</filename>
            <size>30</size>
        </font>
        <font>
            <name>size33</name>
            <filename>Strong.ttf</filename>
            <size>33</size>
        </font>
        <font>
            <name>size33B</name>
            <filename>Strong.ttf</filename>
            <size>33</size>
            <style>bold</style>
        </font>
        <font>
            <name>size34</name>
            <filename>Strong.ttf</filename>
            <size>34</size>
        </font>
        <font>
            <name>size36</name>
            <filename>Strong.ttf</filename>
            <size>36</size>
        </font>
        <font>
            <name>size36B</name>
            <filename>Strong.ttf</filename>
            <size>36</size>
            <style>bold</style>
        </font>
        <font>
            <name>size38</name>
            <filename>Strong.ttf</filename>
            <size>38</size>
        </font>
        <font>
            <name>size39</name>
            <filename>Strong.ttf</filename>
            <size>39</size>
        </font>
        <font>
            <name>size39B</name>
            <filename>Strong.ttf</filename>
            <size>39</size>
            <style>bold</style>
        </font>
        <font>
            <name>size28</name>
            <filename>Strong.ttf</filename>
            <size>42</size>
        </font>
        <font>
            <name>size42B</name>
            <filename>Strong.ttf</filename>
            <size>42</size>
            <style>bold</style>
        </font>
        <font>
            <name>size60B</name>
            <filename>Strong.ttf</filename>
            <size>60</size>
            <style>bold</style>
        </font>
        <font>
            <name>size212</name>
            <filename>Strong.ttf</filename>
            <size>142</size>
            <style>bold</style>
        </font>
        <font>
            <name>giant</name>
            <filename>Strong.ttf</filename>
            <size>600</size>
            <style>bold</style>
        </font>
        <font>
            <name>fancy</name>
            <filename>journal.ttf</filename>
            <size>40</size>
        </font>
         <font>
            <name>thermo</name>
            <filename>square.ttf</filename>
            <size>40</size>
        </font>
    </fontset>
    <fontset id="Thin">
        <!--Fonts for GeneralAddons-->
        <font>
            <name>font10</name>
            <filename>Thin.ttf</filename>
            <size>21</size>
        </font>
        <font>
            <name>font13</name>
            <filename>Thin.ttf</filename>
            <size>21</size>
        </font>
        <font>
            <name>font14</name>
            <filename>Thin.ttf</filename>
            <size>21</size>
        </font>
        <font>
            <name>font12</name>
            <filename>Thin.ttf</filename>
            <size>21</size>
        </font>
        <font>
            <name>special13</name>
            <filename>Thin.ttf</filename>
            <size>21</size>
        </font>
        <!-- End of GeneralAddons fonts -->
        <font>
            <name>XS</name>
            <filename>Thin.ttf</filename>
            <size>18</size>
        </font>
        <font>
            <name>size21</name>
            <filename>Thin.ttf</filename>
            <size>21</size>
        </font>
        <font>
            <name>size22</name>
            <filename>Thin.ttf</filename>
            <size>22</size>
        </font>
        <font>
            <name>size24</name>
            <filename>Thin.ttf</filename>
            <size>24</size>
        </font>
        <font>
            <name>size24B</name>
            <filename>Thin.ttf</filename>
            <size>24</size>
            <style>bold</style>
        </font>
        <font>
            <name>size26</name>
            <filename>Thin.ttf</filename>
            <size>26</size>
        </font>
        <font>
            <name>size26B</name>
            <filename>Thin.ttf</filename>
            <size>26</size>
            <style>bold</style>
        </font>
        <font>
            <name>size27</name>
            <filename>Thin.ttf</filename>
            <size>27</size>
        </font>
        <font>
            <name>size28</name>
            <filename>Thin.ttf</filename>
            <size>28</size>
        </font>
        <font>
            <name>size30</name>
            <filename>Thin.ttf</filename>
            <size>30</size>
        </font>
        <font>
            <name>size30B</name>
            <filename>Thin.ttf</filename>
            <size>30</size>
            <style>bold</style>
        </font>
        <font>
            <name>size33</name>
            <filename>Thin.ttf</filename>
            <size>33</size>
        </font>
        <font>
            <name>size33B</name>
            <filename>Thin.ttf</filename>
            <size>33</size>
            <style>bold</style>
        </font>
        <font>
            <name>size34</name>
            <filename>Thin.ttf</filename>
            <size>34</size>
        </font>
        <font>
            <name>size36</name>
            <filename>Thin.ttf</filename>
            <size>36</size>
        </font>
        <font>
            <name>size36B</name>
            <filename>Thin.ttf</filename>
            <size>36</size>
            <style>bold</style>
        </font>
        <font>
            <name>size38</name>
            <filename>Thin.ttf</filename>
            <size>38</size>
        </font>
        <font>
            <name>size39</name>
            <filename>Thin.ttf</filename>
            <size>39</size>
        </font>
        <font>
            <name>size39B</name>
            <filename>Thin.ttf</filename>
            <size>39</size>
            <style>bold</style>
        </font>
        <font>
            <name>size42</name>
            <filename>Thin.ttf</filename>
            <size>42</size>
        </font>
        <font>
            <name>size42B</name>
            <filename>Thin.ttf</filename>
            <size>42</size>
            <style>bold</style>
        </font>
        <font>
            <name>size60B</name>
            <filename>Thin.ttf</filename>
            <size>60</size>
            <style>bold</style>
        </font>
        <font>
            <name>size212</name>
            <filename>Thin.ttf</filename>
            <size>142</size>
            <style>bold</style>
        </font>
        <font>
            <name>giant</name>
            <filename>Thin.ttf</filename>
            <size>600</size>
            <style>bold</style>
        </font>
        <font>
            <name>fancy</name>
            <filename>journal.ttf</filename>
            <size>40</size>
        </font>
        <font>
            <name>thermo</name>
            <filename>square.ttf</filename>
            <size>40</size>
        </font>
    </fontset>
    <fontset id="Alternative">
        <!--Fonts for GeneralAddons-->
        <font>
            <name>font10</name>
            <filename>Alternative.ttf</filename>
            <size>21</size>
        </font>
        <font>
            <name>font13</name>
            <filename>Alternative.ttf</filename>
            <size>21</size>
        </font>
        <font>
            <name>font14</name>
            <filename>Alternative.ttf</filename>
            <size>21</size>
        </font>
        <font>
            <name>font12</name>
            <filename>Alternative.ttf</filename>
            <size>21</size>
        </font>
        <font>
            <name>special13</name>
            <filename>Alternative.ttf</filename>
            <size>21</size>
        </font>
        <!-- End of GeneralAddons fonts -->
        <font>
            <name>XS</name>
            <filename>Alternative.ttf</filename>
            <size>18</size>
        </font>
        <font>
            <name>size21</name>
            <filename>Alternative.ttf</filename>
            <size>21</size>
        </font>
        <font>
            <name>size22</name>
            <filename>Alternative.ttf</filename>
            <size>22</size>
        </font>
        <font>
            <name>size24</name>
            <filename>Alternative.ttf</filename>
            <size>24</size>
        </font>
        <font>
            <name>size24B</name>
            <filename>Alternative.ttf</filename>
            <size>24</size>
            <style>bold</style>
        </font>
        <font>
            <name>size26</name>
            <filename>Alternative.ttf</filename>
            <size>26</size>
        </font>
        <font>
            <name>size26B</name>
            <filename>Alternative.ttf</filename>
            <size>26</size>
            <style>bold</style>
        </font>
        <font>
            <name>size27</name>
            <filename>Alternative.ttf</filename>
            <size>27</size>
        </font>
        <font>
            <name>size28</name>
            <filename>Alternative.ttf</filename>
            <size>28</size>
        </font>
        <font>
            <name>size30</name>
            <filename>Alternative.ttf</filename>
            <size>30</size>
        </font>
        <font>
            <name>size30B</name>
            <filename>Alternative.ttf</filename>
            <size>30</size>
            <style>bold</style>
        </font>
        <font>
            <name>size33</name>
            <filename>Alternative.ttf</filename>
            <size>33</size>
        </font>
        <font>
            <name>size33B</name>
            <filename>Alternative.ttf</filename>
            <size>33</size>
            <style>bold</style>
        </font>
        <font>
            <name>size34</name>
            <filename>Alternative.ttf</filename>
            <size>34</size>
        </font>
        <font>
            <name>size36</name>
            <filename>Alternative.ttf</filename>
            <size>36</size>
        </font>
        <font>
            <name>size36B</name>
            <filename>Alternative.ttf</filename>
            <size>36</size>
            <style>bold</style>
        </font>
        <font>
            <name>size38</name>
            <filename>Alternative.ttf</filename>
            <size>38</size>
        </font>
        <font>
            <name>size39</name>
            <filename>Alternative.ttf</filename>
            <size>39</size>
        </font>
        <font>
            <name>size39B</name>
            <filename>Alternative.ttf</filename>
            <size>39</size>
            <style>bold</style>
        </font>
        <font>
            <name>size42</name>
            <filename>Alternative.ttf</filename>
            <size>42</size>
        </font>
        <font>
            <name>size42B</name>
            <filename>Alternative.ttf</filename>
            <size>42</size>
            <style>bold</style>
        </font>
        <font>
            <name>size60B</name>
            <filename>Alternative.ttf</filename>
            <size>60</size>
            <style>bold</style>
        </font>
        <font>
            <name>size212</name>
            <filename>Alternative.ttf</filename>
            <size>142</size>
            <style>bold</style>
        </font>
        <font>
            <name>giant</name>
            <filename>Alternative.ttf</filename>
            <size>600</size>
            <style>bold</style>
        </font>
        <font>
            <name>fancy</name>
            <filename>journal.ttf</filename>
            <size>40</size>
        </font>
         <font>
            <name>thermo</name>
            <filename>square.ttf</filename>
            <size>40</size>
        </font>
    </fontset>
</fonts>
