<favourites>
    <favourite name="1. Total TV [COLOR red](Voor 2016 Movies)[/COLOR]" thumb="C:\Users\Aram Ghamoyan\AppData\Roaming\Kodi\addons\plugin.video.totaltv\icon.png">ActivateWindow(10025,&quot;plugin://plugin.video.totaltv/&quot;,return)</favourite>
    <favourite name="2. Alluc [COLOR red](De Beste)[/COLOR]" thumb="C:\Users\Aram Ghamoyan\AppData\Roaming\Kodi\addons\plugin.video.alluc.api\icon.png">ActivateWindow(10025,&quot;plugin://plugin.video.alluc.api/&quot;,return)</favourite>
    <favourite name="3. Salts RD Lite [COLOR red](De Beste)[/COLOR]" thumb="C:\Users\Aram Ghamoyan\AppData\Roaming\Kodi\addons\plugin.video.saltsrd.lite\icon.png">ActivateWindow(10025,&quot;plugin://plugin.video.saltsrd.lite/&quot;,return)</favourite>
	<favourite name="4. Exodus"thumb="special://home/addons\plugin.video.exodus\icon.png">ActivateWindow(10025,&quot;plugin://plugin.video.exodus?sf_options=fanart%3Dspecial%3A%2F%2Fhome%2Faddons%5Cplugin.video.exodus%5Cfanart.jpg%26desc%3DPlease+visit+www.tvaddons.ag+for+Exodus+support+and+assistance%21+Kindly+note+that+Exodus+is+not+an+official+part+of+the+media+player+you+are+running%2C+and+therefore+not+to+be+mentioned+within+official+support+channels%2C+this+addon+has+nothing+to+do+with+the+media+player+itself%2C+nor+it%E2%80%99s+intended+use%2C+it+is+simply+a+third+party+plugin+which+has+been+added+to+your+system.%26_options_sf&quot;,return)</favourite>
    <favourite name="5. Salts HD Lite" thumb="C:\Users\Aram Ghamoyan\AppData\Roaming\Kodi\addons\plugin.video.saltshd.lite\icon.png">ActivateWindow(10025,&quot;plugin://plugin.video.saltshd.lite/&quot;,return)</favourite>
	<favourite name="6. Specto"thumb="special://home/addons\plugin.video.specto\icon.png">ActivateWindow(10025,&quot;plugin://plugin.video.specto?sf_options=fanart%3Dspecial%3A%2F%2Fhome%2Faddons%5Cplugin.video.specto%5Cfanart.jpg%26desc%3DMrknow+fork+of+...%2C+support+https%3A%2F%2Fgithub.com%2Fmrknow%2Ffilmkodi%2Fissues.%26_options_sf&quot;,return)</favourite>
    <favourite name="7. Phoenix" thumb="C:\Users\Aram Ghamoyan\AppData\Roaming\Kodi\addons\plugin.video.phstreams\icon.png">ActivateWindow(10025,&quot;plugin://plugin.video.phstreams/&quot;,return)</favourite>	
</favourites>
