<?xml version="1.0" encoding="UTF-8"?>
<window id="131">
    <defaultcontrol always="true">5</defaultcontrol>
    <include>OpenClose</include>
    <allowoverlay>no</allowoverlay>
    <backgroundcolor>background</backgroundcolor>
    <controls>
        <include>BlackBackground</include>
        <control type="label" id="2" description="Header Label">
            <include>HeadingR</include>
            <!--label>20043</label-->
        </control>
        <include>profilecontent</include>
    </controls>
</window>
