<?xml version="1.0" encoding="UTF-8"?>
<includes>
	<include name="NormalHome">
	<include>OpenClose</include>
	
        <control type="group" description="Furniture">
            <animation condition="![Container(9000).Row(0) | Container(9000).Row(1)]" effect="slide" start="0,0" end="0,-295" time="220">Conditonal</animation>
            <control type="image" description="Stage">
                <width>1920</width>
                <height>2080</height>
                <aspectratio>stretch</aspectratio>
                <texture>BackgroundX9.png</texture>
				<orientation>vertical</orientation>
            </control>
            </control>
			<control type="label">
			<right>0</right>
			<top>1060</top>
            <width>320</width>
            <height>7</height>
			<font>size28</font>
            <textcolor>white</textcolor>
            <label>[COLOR white][B]VERSIE: 18-08-2016[/B][/COLOR]</label>
			</control>
			<control type="panel" id="9000" description="ICONE">
			<animation condition="Container(9000).Row(2) +!Container(9000).Row(0) | Container(9000).HasPrevious()" effect="slide" start="0,0" end="0,-295" time="220">Conditonal</animation>
			<centerleft>960</centerleft>
            <top>525</top>
            <width>1800</width>
            <height>1060</height>
            <onleft>9000</onleft>
            <onright>9000</onright>
            <onup>700</onup>
            <ondown>noop</ondown>
            <orientation>vertical</orientation>
            <scrolltime tween="sine" easing="inout">280</scrolltime>
            <itemlayout height="290" width="360">
                <control type="image" description="shade_base">
                    <centerleft>180</centerleft>
                    <width>360</width>
                    <height>250</height>
                    <texture>icons/iconbase.png</texture>
                </control>
                <control type="image" description="color base">
                    <centerleft>180</centerleft>
                    <top>27</top>
                    <width>287</width>
                    <height>179</height>
                    <texture diffuse="icons/diffusehomeicon.png">$INFO[ListItem.Property(color)]</texture>
                </control>
                <control type="image" description="THMBSICONS">
                    <visible>!IsEmpty(Listitem.thumb)</visible>
                    <centerleft>180</centerleft>
                    <top>27</top>
                    <width>287</width>
                    <height>179</height>
                    <texture diffuse="icons/diffusehomeicon.png">$INFO[ListItem.thumb]</texture>
                </control>
                <control type="image" description="THMBSICONS">
                    <visible>IsEmpty(Listitem.thumb)</visible>
                    <centerleft>180</centerleft>
                    <top>27</top>
                    <width>287</width>
                    <height>179</height>
                    <texture diffuse="icons/diffusehomeicon.png">$INFO[ListItem.label2]</texture>
                </control>
                <control type="image" description="THMBS weather">
                    <centerleft>180</centerleft>
                    <top>27</top>
                    <width>287</width>
                    <height>179</height>
                    <texture>$INFO[ListItem.Property(weatherthumb)]</texture>
                    <aspectratio>keep</aspectratio>
                </control>
            </itemlayout>
            <focusedlayout height="290" width="360">
                <control type="group">
                    <animation effect="zoom" start="100" end="130" time="120" center="auto" tween="Back" easing="Out">Focus</animation>
                    <animation effect="zoom" start="130" end="100" time="120" center="auto">unFocus</animation>
                    <control type="image" description="shade_base">
                        <centerleft>180</centerleft>
                        <width>360</width>
                        <height>250</height>
                        <texture>icons/iconbase.png</texture>
                    </control>
                    <control type="image" description="color base">
                        <centerleft>180</centerleft>
                        <top>27</top>
                        <width>287</width>
                        <height>179</height>
                        <texture diffuse="icons/diffusehomeicon.png">$INFO[ListItem.Property(color)]</texture>
                    </control>
                    <control type="image" description="THMBSICONS">
                        <visible>!IsEmpty(Listitem.thumb)</visible>
                        <centerleft>180</centerleft>
                        <top>27</top>
                        <width>287</width>
                        <height>179</height>
                        <texture diffuse="icons/diffusehomeicon.png">$INFO[ListItem.thumb]</texture>
                    </control>
                    <control type="image" description="THMBSICONS">
                        <visible>IsEmpty(Listitem.thumb)</visible>
                        <centerleft>180</centerleft>
                        <top>27</top>
                        <width>287</width>
                        <height>179</height>
                        <texture diffuse="icons/diffusehomeicon.png">$INFO[ListItem.label2]</texture>
                    </control>
                    <control type="image" description="THMBS weather">
                        <centerleft>180</centerleft>
                        <top>27</top>
                        <width>287</width>
                        <height>179</height>
                        <texture>$INFO[ListItem.Property(weatherthumb)]</texture>
                        <aspectratio>keep</aspectratio>
                    </control>
                </control>
                <control type="label" description="label">

                    <centerleft>180</centerleft>
                    <top>234</top>
                    <width>368</width>
                    <height>24</height>
                    <font>size27B</font>
                    <align>center</align>
                    <textcolor>black</textcolor>
                    <label>[B]$INFO[ListItem.label][/B]</label>
                </control>
            </focusedlayout>
            <content>
				<item id="502" description="Custom script">
					<thumb>special://home/addons\skin.aram\icons\TV.png</thumb>
					<label></label>
					<onclick>ActivateWindow(TvChannels)</onclick>
					<visible>!Pvr.IsRecording + System.GetBool(pvrmanager.enabled) + !Skin.HasSetting(PVRhide)</visible>
				</item>
				<item id="403" description="Custom addon">
                    <visible>!IsEmpty(Skin.String(HomeAddon.3.Label))</visible>
                    <thumb>special://home/addons\skin.aram\icons\\toot.png</thumb>
                    <label2>[COLOR white]$INFO[system.addonicon(Skin.String(HomeAddon.3.label))][/COLOR]</label2>
                    <label></label>
                    <onclick>PlayMedia(&quot;plugin://plugin.video.dailymotion_com/?url=x2gwi1b&amp;mode=playVideo&quot;)</onclick>
                </item>	
				<item id="401" description="Custom addon">
                    <visible>!IsEmpty(Skin.String(HomeAddon.1.Label))</visible>
                    <thumb>special://home/addons\skin.aram\icons\\merojax.png</thumb>
                    <label2>[COLOR white]$INFO[system.addonicon(Skin.String(HomeAddon.1.label))][/COLOR]</label2>
                    <label></label>
                    <onclick>ActivateWindow(10025,&quot;plugin://plugin.video.merojax.tv/&quot;,return))</onclick>
                </item>			   
				<item id="402" description="Custom addon">
                    <visible>!IsEmpty(Skin.String(HomeAddon.2.Label))</visible>
                    <thumb>special://home/addons\skin.aram\icons\haymusic.png</thumb>
                    <label2>[COLOR white][COLOR white]$INFO[system.addonicon(Skin.String(HomeAddon.2.label))][/COLOR][/COLOR]</label2>
                    <label></label>
                    <onclick>ActivateWindow(10025,&quot;plugin://plugin.video.youtube/channel/UCj6mCP82RqPIYKTF2-valew/playlist/PLqQyBObAWfy-fEfk26siQhXwMFMq_vf62/&quot;,return)</onclick>
                </item>
				<item id="404" description="Custom addon">
                    <visible>!IsEmpty(Skin.String(HomeAddon.4.Label))</visible>
                    <thumb>special://home/addons\skin.aram\icons\\rus.png</thumb>
                    <label2>[COLOR white]$INFO[system.addonicon(Skin.String(HomeAddon.4.label))][/COLOR]</label2>
                    <label></label>
                    <onclick>RunAddon($INFO[Skin.String(HomeAddon.4.Label)])</onclick>
                </item>
				<item id="405" description="Custom addon">
					<visible>!IsEmpty(Skin.String(HomeAddon.5.Label))</visible>
					<thumb>special://home/addons\skin.aram\icons\armo.png</thumb>
					<label2>[COLOR white]$INFO[system.addonicon(Skin.String(HomeAddon.5.label))][/COLOR]</label2>
					<label></label>
					<onclick>ActivateWindow(10001,&quot;plugin://plugin.program.super.favourites/?label=ArmoGuy ADD-ONS&amp;mode=400&amp;path=special%3A%2F%2Fprofile%2Faddon_data%2Fplugin.program.super.favourites%2FSuper%20Favourites%5CArmoGuy%20ADD-ONS&amp;sf_options=fanart%3Dspecial%3A%2F%2Fhome%2Faddons%5Cplugin.program.super.favourites%5Cfanart.jpg%26_options_sf&quot;,return)</onclick>
				</item>
				<item id="347" description="Custom addon">
					<visible>!IsEmpty(Skin.String(HomeAddon.6.Label))</visible>
					<thumb>special://home/addons\skin.aram\icons\nlzone.png</thumb>
					<label2>[COLOR white]$INFO[system.addonicon(Skin.String(HomeAddon.7.label))][/COLOR]</label2>
					<label></label>
					<onclick>ActivateWindow(10025,&quot;plugin://plugin.video.nlzone/&quot;,return)</onclick>
				</item>				
				<item id="500" description="Custom addon">
					<visible>!IsEmpty(Skin.String(HomeAddon.6.Label))</visible>
					<thumb>special://home/addons\skin.aram\icons\films.png</thumb>
					<label2>[COLOR white]$INFO[system.addonicon(Skin.String(HomeAddon.7.label))][/COLOR]</label2>
					<label></label>
					<onclick>ActivateWindow(10001,&quot;plugin://plugin.program.super.favourites/?label=Films &amp; Series&amp;mode=400&amp;path=special%3A%2F%2Fprofile%2Faddon_data%2Fplugin.program.super.favourites%2FSuper%20Favourites%5CFilms%20%26%20Series&amp;sf_options=fanart%3Dspecial%3A%2F%2Fhome%2Faddons%5Cplugin.video.exodus%5Cfanart.jpg%26_options_sf&quot;,return)</onclick>
				</item>
				<item id="408" description="Custom addon">
					<visible>!IsEmpty(Skin.String(HomeAddon.8.Label))</visible>
					<thumb>special://home/addons\skin.aram\icons\kids.png</thumb>
					<label2>[COLOR white]$INFO[system.addonicon(Skin.String(HomeAddon.8.label))][/COLOR]</label2>
					<label></label>
					<onclick>ActivateWindow(10001,&quot;plugin://plugin.program.super.favourites/?label=Kids&amp;mode=400&amp;path=special%3A%2F%2Fprofile%2Faddon_data%2Fplugin.program.super.favourites%2FSuper%20Favourites%5CKids&amp;sf_options=fanart%3Dspecial%3A%2F%2Fhome%2Faddons%5Cplugin.video.tbh.kidswb%5Cfanart.jpg%26_options_sf&quot;,return)</onclick>
				</item>
				<item id="409" description="Custom addon">
					<visible>!IsEmpty(Skin.String(HomeAddon.9.Label))</visible>
					<thumb>special://home/addons\skin.aram\icons\Sports.png</thumb>
					<label2>[COLOR white]$INFO[system.addonicon(Skin.String(HomeAddon.9.label))][/COLOR]</label2>
					<label></label>
					<onclick>ActivateWindow(10001,&quot;plugin://plugin.program.super.favourites/?label=Sport&amp;mode=400&amp;path=special%3A%2F%2Fprofile%2Faddon_data%2Fplugin.program.super.favourites%2FSuper%20Favourites%5CSport&amp;sf_options=fanart%3Dspecial%3A%2F%2Fhome%2Faddons%5Cplugin.video.clubtv%5Cfanart.jpg%26_options_sf&quot;,return)</onclick>
				</item>
				<item id="410" description="Custom addon">
					<visible>!IsEmpty(Skin.String(HomeAddon.10.Label))</visible>
					<thumb>special://home/addons\skin.aram\icons\music.png</thumb>
					<label2>[COLOR white]$INFO[system.addonicon(Skin.String(HomeAddon.10.label))][/COLOR]</label2>
					<label></label>
					<onclick>ActivateWindow(10001,&quot;plugin://plugin.program.super.favourites/?label=Muziek&amp;mode=400&amp;path=special%3A%2F%2Fprofile%2Faddon_data%2Fplugin.program.super.favourites%2FSuper%20Favourites%5CMuziek&amp;sf_options=fanart%3Dspecial%3A%2F%2Fhome%2Faddons%5Cplugin.program.super.favourites%5Cfanart.jpg%26_options_sf&quot;,return)</onclick>
				</item>
				<item id="411" description="Custom addon">
					<visible>!IsEmpty(Skin.String(HomeAddon.10.Label))</visible>
					<thumb>special://home/addons\skin.aram\icons\program.png</thumb>
					<label2>[COLOR white]$INFO[system.addonicon(Skin.String(HomeAddon.11.label))][/COLOR]</label2>
					<label></label>
					<onclick>ActivateWindow(10001,&quot;plugin://plugin.program.super.favourites/?label=Programma&amp;mode=400&amp;path=special%3A%2F%2Fprofile%2Faddon_data%2Fplugin.program.super.favourites%2FSuper%20Favourites%5CProgramma&amp;sf_options=fanart%3Dspecial%3A%2F%2Fhome%2Faddons%5Cplugin.program.super.favourites%5Cfanart.jpg%26_options_sf&quot;,return)</onclick>
				</item>					
				<item id="406" description="Custom addon">
					<visible>!IsEmpty(Skin.String(HomeAddon.6.Label))</visible>
					<thumb>special://home/addons\skin.aram\icons\hay.png</thumb>
					<label2>[COLOR white]$INFO[system.addonicon(Skin.String(HomeAddon.6.label))][/COLOR]</label2>
					<label></label>
					<onclick>PlayMedia(&quot;plugin://plugin.program.hayboxinstaller/?url=https%3A%2F%2Fgithub.com%2Faramghamoyan%2Faramghamoyan%2Fblob%2Fmaster%2FHAYbox%2520XMLS%2Fupdate.zip%3Fraw%3Dtrue&amp;mode=1&amp;name=HAYbox+Updaten&amp;iconimage=https%3A%2F%2Fgithub.com%2Faramghamoyan%2Faramghamoyan%2Fblob%2Fmaster%2Fplugin.program.hayboxinstaller%2Ficon.png&amp;fanart=https%3A%2F%2Fignorme&amp;description=HAYbox+by+Aram+Ghamoyan&quot;)</onclick>
				</item>
               
				<item id="352">
                    <visible>!Skin.HasSetting(hidefav)</visible>
                    <thumb>icons/favs.png</thumb>
                    <label></label>
                    <property name="color">icons/red.png</property>
                    <onclick>ActivateWindow(134)</onclick>
                </item>
				<item id="353">
					<visible>!Skin.HasSetting(hidebro)</visible>
					<thumb>special://home/addons\skin.aram\icons\usb.png</thumb>
					<label></label>
					<onclick>ActivateWindow(3)</onclick>
				</item>
				<item id="348">
                    <thumb>special://home/addons\skin.aram\icons\settings.png</thumb>
                    <label></label>
                    <onclick>ActivateWindow(1120)</onclick>
                </item>
                <item id="349">
                    <visible>Player.HasMedia</visible>
                    <thumb>special://home/addons\skin.aram\icons\Gaterug.png</thumb>
                    <label></label>
                    <onclick condition="Player.HasMedia">Fullscreen</onclick>
                </item>
            </content>
        </control>
        <include>weather_shelf</include>
        <control type="group" description="RSS">
            <control type="rss" description="RSS Feed">
                <visible>system.getbool(lookandfeel.enablerssfeeds)</visible>
                <visible>!Skin.HasSetting(NORSS)</visible>
                <include>VisibleFade</include>
                <top>490</top>
                <width>1920</width>
                <height>33</height>
                <font>size22</font>
                <urlset>1</urlset>
                <shadowcolor>-</shadowcolor>
                <titlecolor>White</titlecolor>
                <headlinecolor>White</headlinecolor>
                <textcolor>White</textcolor>
            </control>
	 <include>FAV01</include>
	 <include>FAV02</include>
	 <include>FAV03</include>
	 <include>FAV04</include>
	 <include>FAV05</include>
	 <include>FAV06</include>
	 <include>FAV07</include>
	 <include>FAV08</include>
	 <include>FAV10</include>
	 <include>FAV11</include>
	 <include>MEDLOC</include>
	 <include>favourites</include>
	 <include>PVR</include>
	 <include>SETBACK</include>
	 <include>DOORGAAN</include>
	 <include>EXITBACK</include>
	    </control>
        <control type="group" description="Player Info">
            <visible>Player.HasAudio</visible>
            <visible>!IntegerGreaterThan(Player.Time,8) | !IntegerGreaterThan(Player.TimeRemaining,8)</visible>
            <animation effect="slide" tween="Sine" easing="Out" start="430,0" end="0,0" time="600" delay="200">VisibleChange</animation>
            <left>1500</left>
            <top>440</top>
            <control type="image" description="Playing BG">
                <width>430</width>
                <height>105</height>
                <texture border="20">images/ProgressBG.png</texture>
            </control>
            <control type="group">
                <control type="image">
                    <left>18</left>
                    <top>15</top>
                    <width>75</width>
                    <height>75</height>
                    <texture>$INFO[MusicPlayer.Cover]</texture>
                    <aspectratio>keep</aspectratio>
                </control>
                <control type="label">
                    <left>110</left>
                    <top>9</top>
                    <aligny>center</aligny>
                    <width>300</width>
                    <height>36</height>
                    <font>size24</font>
                    <textcolor>white</textcolor>
                    <label>$INFO[MusicPlayer.Title]</label>
                </control>
                <control type="label">
                    <left>110</left>
                    <top>36</top>
                    <aligny>center</aligny>
                    <width>300</width>
                    <height>36</height>
                    <font>size21</font>
                    <label>$INFO[MusicPlayer.Artist]</label>
                </control>
                <control type="label">
                    <left>110</left>
                    <top>60</top>
                    <aligny>center</aligny>
                    <width>300</width>
                    <height>36</height>
                    <font>size21</font>
                    <label>$INFO[MusicPlayer.Album]</label>
                </control>
            </control>
        </control>
        <control type="label" description="Clock">
                <visible>!Skin.HasSetting(HideClock)</visible>
				<width min="30" max="850">auto</width>
				<centerright>-88</centerright>
                <height>45</height>
                <font>size30</font>
                <label>[COLOR black]$INFO[System.Time] $INFO[System.Date][/COLOR]</label>
            </control>
        <control type="label" description="Top Label">
            <include>ShelfFade</include>
            <include>ShelfTitle</include>
            <label>[B] $VAR[shelflabel] [/B]</label>
		</control>
	</include>
</includes>