<?xml version="1.0" encoding="UTF-8"?>
<window id="20">
    <backgroundcolor>Background</backgroundcolor>
    <defaultcontrol always="true">50</defaultcontrol>
    <allowoverlay>no</allowoverlay>
    <controls>
        <include>Background</include>
        <include>Heading</include>
        <control type="group" description="Slider and List">
            <left>1020</left>
            <top>165</top>
            <control type="list" id="50">
                <width>760</width>
				<height>870</height>
                <onleft>9000</onleft>
                <onright condition="Skin.HasSetting(Scrollbars_Active)">60</onright>
                <onright>noop</onright>
                <onup>50</onup>
                <ondown>50</ondown>
                <pagecontrol>60</pagecontrol>
                <viewtype label="50">List</viewtype>
                <focusposition>5</focusposition>
                <movement>5</movement>
                <preloaditems>4</preloaditems>
                <scrolltime tween="sine" easing="inout">280</scrolltime>
                <itemlayout width="760" height="80">
                    <control type="image">
						<height>68</height>
						<width>760</width>
						<include>right_listpanel_unfocused</include>
					</control>
					<include>Arrow</include>
					<control type="label" description="Main Label">
						<width max="720">auto</width>
						<include>52MainLabel</include>
						<label>$INFO[ListItem.Label]</label>
					</control>
                    <control type="label" description="Label2">
                        <visible>!ListItem.IsFolder</visible>
                        <right>45</right>
                        <top>0</top>
                        <height>81</height>
                        <width>720</width>
                        <align>right</align>
                        <font>font27</font>
                        <scroll>false</scroll>
                        <include>52MainLabel</include>
                        <label>$INFO[ListItem.Label2]</label>
                    </control>
                </itemlayout>
                <focusedlayout width="770" height="81">
                    <control type="group">
                        <animation effect="zoom" time="120" start="100" end="104,100" center="auto" tween="Back" easing="Out">Focus</animation>
                        <control type="image">
							<height>68</height>
							<width>760</width>
							<include>right_listpanel_focused_shadow</include>
						</control>
						<control type="image">
							<height>68</height>
							<width>760</width>
							<include>right_listpanel_focused</include>
						</control>
                        <include>Arrow</include>
                        <control type="label" description="Main Label">
                            <width max="720">auto</width>
                            <include>52MainLabelFO</include>
                            <label>$INFO[ListItem.Label]</label>
                        </control>
                        <control type="label" description="Label2">
                            <visible>!ListItem.IsFolder</visible>
                            <animation effect="fade" time="300" start="50" end="100" delay="100">Focus</animation>
                            <right>45</right>
                            <top>0</top>
                            <height>81</height>
                            <width>720</width>
                            <align>right</align>
                            <font>font27</font>
                            <include>52MainLabelFO</include>
                            <label>$INFO[ListItem.Label2]</label>
                        </control>
                    </control>
                </focusedlayout>
            </control>
        </control>
        <control type="scrollbar" id="60">
			<visible>Skin.HasSetting(Scrollbars_Active)</visible>
            <left>39r</left>
            <top>135</top>
            <height>870</height>
            <onleft>50</onleft>
            <onright>noop</onright>
        </control>
        <!--include>WindowsTopInfos</include-->
        <include>Left_Panel_Addons</include>
        <control type="group" description="Side menu 9000 group">
            <include>menu9000</include>
        </control>
        <control type="label">
            <description>Page Count Label</description>
            <left>40r</left>
            <top>50r</top>
            <width>500</width>
            <height>20</height>
            <font>font12m</font>
            <textcolor>Grey</textcolor>
            <scroll>false</scroll>
            <align>right</align>
            <aligny>center</aligny>
            <label>$LOCALIZE[31000] ([COLOR=White]$INFO[Container.CurrentPage]/$INFO[Container.NumPages][/COLOR])</label>
        </control>
    </controls>
</window>



