<?xml version="1.0" encoding="UTF-8"?>
<window type="dialog" id="142">
  <defaultcontrol always="false">9000</defaultcontrol>
  <include>OpenClose</include>
  <zorder>2</zorder>
  <controls>
    <control type="button" id="9000">
      <include>HiddenButton</include>
      <onclick>close</onclick>
    </control>
	<control type="image" description="Background">
		<!--posx>151</posx-->
		<top>0</top>
		<width>1920</width>
		<height>340</height>
		<texture colordiffuse="FAEEEEEE">$VAR[OtherBG]</texture>			
	</control>
    <control type="group">
      <control type="group">
        <animation effect="fade" time="200">VisibleChange</animation>
        <top>10</top>
        <control type="label" description="Main label">
          <visible>VideoPlayer.Content(MusicVideos)</visible>
          <include>FullscreenInfoLabel</include>
          <label>$INFO[VideoPlayer.Artist]</label>
        </control>
        <control type="label" description="Main label">
          <visible>!VideoPlayer.Content(MusicVideos)</visible>
          <include>FullscreenInfoLabel</include>
          <label>$INFO[VideoPlayer.Title]</label>
        </control>
        <control type="label" description="Label 2">
          <visible>VideoPlayer.Content(MusicVideos)</visible>
          <font>font27</font>
          <top>45</top>
          <textcolor>silver</textcolor>
          <include>FullscreenInfoLabel</include>
          <label>$INFO[VideoPlayer.Album]</label>
        </control>
        <control type="label" description="chapters">
          <visible>Player.ChapterCount</visible>
          <font>font27</font>
          <top>45</top>
          <textcolor>silver</textcolor>
          <include>FullscreenInfoLabel</include>
          <label>$LOCALIZE[21396]$INFO[Player.Chapter, : ]$INFO[Player.ChapterCount, / ]</label>
        </control>
        <control type="label" description="Episode s-e">
          <visible>VideoPlayer.Content(Episodes)</visible>
          <font>font27</font>
          <top>45</top>
          <textcolor>=</textcolor>
          <include>FullscreenInfoLabel</include>
          <label>$INFO[VideoPlayer.TVShowTitle] - $LOCALIZE[20373] $INFO[VideoPlayer.Season], $LOCALIZE[20359] $INFO[VideoPlayer.Episode]</label>
        </control>
		<control type="label" description="music video title">
          <visible>VideoPlayer.Content(Musicvideos)</visible>
          <font>font27</font>
          <top>45</top>
          <textcolor>=</textcolor>
          <include>FullscreenInfoLabel</include>
          <label>$INFO[VideoPlayer.Title]</label>
        </control>
        <control type="textbox">
          <centerleft>960</centerleft>
          <top>102</top>
          <width>1220</width>
          <height>200</height>
          <label>$INFO[VideoPlayer.Plot]</label>
          <align>justify</align>
          <autoscroll delay="3000" time="3000" repeat="10000">Window.IsVisible(142)</autoscroll>
          <font>font28</font>
        </control>
      </control>  
	  <control type="grouplist">
		<left>350</left>
		<top>65</top>
		<height>50</height>
		<width>1000</width>
		<itemgap>5</itemgap>
		<align>left</align>
		<orientation>horizontal</orientation>
		<control type="label">
			<visible>!IsEmpty(VideoPlayer.VideoResolution)</visible>
			<height>25</height>
			<width>auto</width>
			<font>font30m</font>
			<align>center</align>
			<textcolor>FFFFFFFF</textcolor>
			<label>[UPPERCASE]$INFO[VideoPlayer.VideoResolution][/UPPERCASE]</label>
		</control>
		<control type="label">
			<visible>!IsEmpty(VideoPlayer.AudioChannels)</visible>
			<height>25</height>
			<width>auto</width>
			<font>font30m</font>
			<align>center</align>
			<textcolor>FFFFFFFF</textcolor>
			<label>[UPPERCASE]$VAR[audiochannels,• ][/UPPERCASE]</label>
		</control>
		<control type="label">
			<visible>!IsEmpty(VideoPlayer.AudioCodec)</visible>
			<height>25</height>
			<width>auto</width>
			<font>font30m</font>
			<align>center</align>
			<textcolor>FFFFFFFF</textcolor>
			<label>[UPPERCASE]$INFO[VideoPlayer.AudioCodec,• ][/UPPERCASE]</label>
		</control>
		<control type="label">
			<visible>!IsEmpty(VideoPlayer.VideoCodec)</visible>
			<height>25</height>
			<width>auto</width>
			<font>font30m</font>
			<align>center</align>
			<textcolor>FFFFFFFF</textcolor>
			<label>[UPPERCASE]$INFO[VideoPlayer.VideoCodec,• ][/UPPERCASE]</label>
		</control>
		<control type="label">
			<visible>!IsEmpty(VideoPlayer.FileExtension)</visible>
			<height>25</height>
			<width>auto</width>
			<font>font30m</font>
			<align>center</align>
			<textcolor>FFFFFFFF</textcolor>
			<label>[UPPERCASE]$INFO[VideoPlayer.FileExtension,• ][/UPPERCASE]</label>
		</control>					
	  </control> 
      <!--control type="grouplist">
        <left>60</left>
        <width>1800</width>
        <top>590</top>
        <height>60</height>
        <itemgap>20</itemgap>
        <align>center</align>
        <orientation>horizontal</orientation>
        <control type="image">
          <height>50</height>
          <width>130</width>
          <texture>$INFO[VideoPlayer.VideoResolution,badges/video/,.png]</texture>
        </control>
        <control type="image">
          <visible>!IsEmpty(VideoPlayer.VideoCodec)</visible>
          <height>50</height>
          <width>130</width>
          <texture>$INFO[VideoPlayer.VideoCodec,badges/video/,.png]</texture>
        </control>
        <control type="image">
          <visible>!IsEmpty(VideoPlayer.AudioChannels)</visible>
          <height>50</height>
          <width>130</width>
          <texture>$INFO[VideoPlayer.AudioChannels,badges/channels,.png]</texture>
        </control>
        <control type="image">
          <height>50</height>
          <width>130</width>
          <texture>$INFO[VideoPlayer.AudioCodec,badges/audio/,.png]</texture>
        </control>
      </control-->  
    </control>
	<control type="group" description="Cover">
		<left>110</left>
		<top>20</top>
		<control type="image" description="CoverReal">
			<height>300</height>
			<width>220</width>
			<aspectratio>scale</aspectratio>
			<visible>IsEmpty(Player.Art(tvshow.poster))</visible>
			<texture>$INFO[VideoPlayer.Cover]</texture>
		</control>
		<control type="image" description="TVSHOW">
			<height>300</height>
			<width>220</width>
			<aspectratio>scale</aspectratio>
			<texture diffuse="images/Diffuse.png">$INFO[Player.Art(tvshow.poster)]</texture>
		</control>
		<control type="label" description="Episode">
			<visible>VideoPlayer.Content(Episodes)</visible>
			<left>0</left>
			<top>290</top>
			<height>60</height>
			<width>220</width>
			<scroll>false</scroll>
			<font>font24</font>
			<align>left</align>
			<textcolor>FFFFFFFF</textcolor>
			<!--shadowcolor>Black</shadowcolor-->
			<label>[B]S $INFO[VideoPlayer.Season] E $INFO[VideoPlayer.Episode][/B]</label>
		</control>
		<control type="label" description="Channel">
			<visible>Pvr.IsPlayingTV</visible>
			<left>0</left>
			<top>290</top>
			<height>60</height>
			<width>220</width>
			<scroll>false</scroll>
			<font>font24</font>
			<align>left</align>
			<textcolor>FFFFFFFF</textcolor>
			<!--shadowcolor>Black</shadowcolor-->
			<label>[B]$INFO[VideoPlayer.ChannelNumber] - $INFO[VideoPlayer.ChannelName][/B]</label>
		</control>
	</control>
    <control type="group">
      <top>10</top>
      <!--control type="label" description="Clock">
        <left>60</left>
        <width>695</width>
        <height>60</height>
        <font>font33B</font>
        <textcolor>White</textcolor>
        <label>$LOCALIZE[142] $INFO[System.Time]</label>
      </control-->
      <!--control type="label">
        <left>60</left>
        <top>55</top>
        <width>495</width>
        <height>30</height>
        <label>[B]$INFO[Player.Time][/B]</label>
        <font>font26</font>
      </control-->
      <!--control type="label" description="End time">
        <left>60r</left>
        <width>695</width>
        <height>60</height>
        <align>right</align>
        <font>font33B</font>
        <textcolor>White</textcolor>
        <label>$LOCALIZE[31005]: $INFO[Player.FinishTime]</label>
      </control-->
      <!--control type="label">
        <left>60r</left>
        <top>55</top>
        <height>30</height>
        <width>195</width>
        <align>right</align>
        <label>[B]- $INFO[Player.TimeRemaining][/B]</label>
        <font>font26</font>
      </control-->
    </control>
  </controls>
</window>
