<?xml version="1.0" encoding="UTF-8"?>
<window id="10041" type="dialog">
  <defaultcontrol always="false">3</defaultcontrol>
  <allowoverlay>yes</allowoverlay>
  <include>OpenClose</include>
  <controls>
    <include>Background</include>
    <control type="label" id="1" description="Header label">
      <include>HeadingR</include>
      <label>13406</label>
    </control>
    <control type="group" description="Group 3 Plain list">
      <control type="group">
        <left>1020</left>
        <top>150</top>
        <control type="group" description="Slider">
          <include>Scrollanim</include>
          <control type="group">
            <visible>Container(3).HasFocus() + !Control.HasFocus(5)</visible>
            <include>slider</include>
          </control>
          <animation type="Conditional" condition="Control.HasFocus(9001) | ControlGroup(9000).HasFocus()">
            <effect type="fade" start="100" end="40" time="0" reversible="true" />
          </animation>
          <animation condition="Container(3).Position(0)" effect="slide" start="0,0" end="0,-405" time="140" reversible="true">Conditional</animation>
          <animation condition="Container(3).Position(1)" effect="slide" start="0,0" end="0,-324" time="140" reversible="true">Conditional</animation>
          <animation condition="Container(3).Position(2)" effect="slide" start="0,0" end="0,-243" time="140" reversible="true">Conditional</animation>
          <animation condition="Container(3).Position(3)" effect="slide" start="0,0" end="0,-162" time="140" reversible="true">Conditional</animation>
          <animation condition="Container(3).Position(4)" effect="slide" start="0,0" end="0,-81" time="140" reversible="true">Conditional</animation>
          <animation condition="Container(3).Position(5)" effect="slide" start="0,0" end="0,0" time="140" reversible="true">Conditional</animation>
          <animation condition="Container(3).Position(6)" effect="slide" start="0,0" end="0,81" time="140" reversible="true">Conditional</animation>
          <animation condition="Container(3).Position(7)" effect="slide" start="0,0" end="0,162" time="140" reversible="true">Conditional</animation>
          <animation condition="Container(3).Position(8)" effect="slide" start="0,0" end="0,243" time="140" reversible="true">Conditional</animation>
          <animation condition="Container(3).Position(9)" effect="slide" start="0,0" end="0,324" time="140" reversible="true">Conditional</animation>
          <animation condition="Container(3).Position(10)" effect="slide" start="0,0" end="0,405" time="140" reversible="true">Conditional</animation>
        </control>
        <control type="list" id="3">
          <width>802</width>
          <height>888</height>
          <onleft>5</onleft>
          <onright>60</onright>
          <onup>3</onup>
          <ondown>3</ondown>
          <pagecontrol>60</pagecontrol>
          <scrolltime tween="sine" easing="inout">280</scrolltime>
          <itemlayout width="802" height="81">
            <include>Arrow</include>
            <control type="label" description="Main Label">
              <visible>!ListItem.IsFolder</visible>
              <width>765</width>
              <include>52MainLabel</include>
			  <selectedcolor>Yellow</selectedcolor>
              <label>$INFO[ListItem.Label]</label>
            </control>
            <control type="label" description="Main Label">
              <visible>ListItem.IsFolder</visible>
              <include>52MainLabel</include>
			  <selectedcolor>Yellow</selectedcolor>
              <label>$INFO[ListItem.Label]</label>
            </control>
          </itemlayout>
          <focusedlayout width="802" height="81">
            <include>Arrow</include>
             <control type="label" description="Main Label">
              <visible>!ListItem.IsFolder</visible>
              <width>765</width>
              <include>52MainLabel</include>
			  <selectedcolor>Yellow</selectedcolor>
              <label>$INFO[ListItem.Label]</label>
            </control>
            <control type="label" description="Main Label">
              <visible>ListItem.IsFolder</visible>
              <include>52MainLabel</include>
			  <selectedcolor>Yellow</selectedcolor>
              <label>$INFO[ListItem.Label]</label>
            </control>
          </focusedlayout>
        </control>
      </control>
      <control type="image">
        <animation effect="fade" time="200">VisibleChange</animation>
        <visible>Container(3).HasNext</visible>
        <left>1005</left>
        <top>963</top>
        <height>81</height>
        <width>832</width>
        <texture>images/DefaultGradient.png</texture>
        <aspectratio>stretch</aspectratio>
      </control>
    </control>

    <control type="group" description="Group 6 Thumbs">
      <control type="group" description="Slider and List">
        <left>1020</left>
        <top>140</top>
        <control type="list" id="6">
          <width>802</width>
          <height>886</height>
          <onleft>5</onleft>
          <onright>60</onright>
          <onup>6</onup>
          <ondown>6</ondown>
          <pagecontrol>60</pagecontrol>
          <movement>3</movement>
          <scrolltime tween="sine" easing="inout">280</scrolltime>
          <itemlayout width="802" height="111">
            <control type="image">
              <height>111</height>
              <width>111</width>
              <borderfont>6</borderfont>
              <texture>$INFO[ListItem.Icon]</texture>
              <aspectratio>keep</aspectratio>
            </control>
            <control type="label" description="Main Label">
              <include>50Title</include>
              <label>$INFO[ListItem.Label]</label>
            </control>
            <control type="label" description="Label2">
              <include>50details</include>
              <label>$INFO[ListItem.Label2]</label>
            </control>
            <control type="image">
              <visible>ListItem.IsSelected</visible>
              <left>735</left>
              <top>0</top>
              <height>111</height>
              <width>48</width>
              <borderfont>6</borderfont>
              <texture>images/RadioON.png</texture>
              <aspectratio>keep</aspectratio>
            </control>
          </itemlayout>
          <focusedlayout width="802" height="111">
            <control type="image">
              <left>0</left>
              <top>0</top>
              <height>111</height>
              <width>111</width>
              <borderfont>6</borderfont>
              <texture>$INFO[ListItem.Icon]</texture>
              <aspectratio>keep</aspectratio>
            </control>
            <control type="label" description="Main Label">
              <include>50TitleFO</include>
              <label>$INFO[ListItem.Label]</label>
            </control>
            <control type="label" description="Label2">
              <include>50detailsFO</include>
              <label>$INFO[ListItem.Label2]</label>
            </control>
            <control type="image">
              <visible>ListItem.IsSelected</visible>
              <left>735</left>
              <top>0</top>
              <height>111</height>
              <width>48</width>
              <borderfont>6</borderfont>
              <texture>images/RadioON.png</texture>
              <aspectratio>keep</aspectratio>
            </control>
          </focusedlayout>
        </control>
      </control>
      <control type="image">
        <animation effect="fade" time="200">VisibleChange</animation>
        <visible>Container(6).HasNext</visible>
        <left>1005</left>
        <top>963</top>
        <height>81</height>
        <width>832</width>
        <texture>images/DefaultGradient.png</texture>
        <aspectratio>stretch</aspectratio>
      </control>
    </control>
    <control type="group" description="Thumbs">
      <left>270</left>
      <top>315</top>
      <control type="image" description="Item Thumb">
        <width>450</width>
        <height>450</height>
        <fadetime>200</fadetime>
        <texture>$INFO[Container(6).ListItem.Icon]</texture>
        <aspectratio>keep</aspectratio>
      </control>
    </control>
    <control type="group" description="Button 5">
      <!--<control type="image" description="Fake button for control 5">
        <visible>Control.HasFocus(5)</visible>
        <animation effect="fade" time="100">VisibleChange</animation>
        <left>150</left>
        <top>117</top>
        <width>675</width>
        <height>148</height>
        <texture border="32">images/slider.png</texture>
        <aspectratio>stretch</aspectratio>
      </control>-->
      <control type="button" id="5" description="Manual Get more button">
        <left>68</left>
        <top>113</top>
        <height>165</height>
        <width>855</width>
        <texturefocus border="32">images/slider.png</texturefocus>
        <font>font36</font>
        <label>-</label>
        <onleft>3</onleft>
        <onright>3</onright>
        <onup>3</onup>
        <ondown>3</ondown>
      </control>
      <control type="image" description="loopnf">
        <visible>Control.IsVisible(5)</visible>
        <animation effect="fade" time="100">VisibleChange</animation>
        <left>120</left>
        <top>155</top>
        <width>48</width>
        <height>81</height>
        <texture>images/loop.png</texture>
        <colordiffuse>BBFFFFFF</colordiffuse>
        <aspectratio>keep</aspectratio>
      </control>
      <control type="image" description="loop">
        <visible>Control.HasFocus(5)</visible>
        <animation effect="fade" time="100">VisibleChange</animation>
        <left>120</left>
        <top>155</top>
        <width>48</width>
        <height>81</height>
        <texture>images/loop.png</texture>
        <aspectratio>keep</aspectratio>
      </control>
    </control>
    <control type="scrollbar" id="60">
	  <visible>Skin.HasSetting(Scrollbars_Active)</visible>
      <left>36r</left>
      <top>258</top>
      <height>771</height>
      <onleft>3</onleft>
      <onright>noop</onright>
    </control>
  </controls>
</window>