***VERSION: 2.0.110***
***REL_URL***
Movie,Inception,2010,,,123Movies,/film/inception-2756/watching.html
Movie,Inception,2010,,,pubfilm,/2015/04/inception-2010-full-hd.html
Movie,Inception,2010,,,yify-streaming,/inception-2010
Movie,Inception,2010,,,torba.se,/v/inception-2010
Movie,Inception,2010,,,9Movies,/film/inception.zlzm/
Movie,Inception,2010,,,movietv.to,/movies/196-Inception
Movie,Inception,2010,,,xmovies8.v2,/movie/inception-2010/
Movie,Inception,2010,,,xmovies8,/watch?v=Inception_2010#video=vUUyKZ-0rREffU5ZCw44gHCdjN39iX3gjKHqlK9T5VU
***OTHER_LISTS***
***SAVED_SEARCHES***
***BOOKMARKS***
16662,,,5.765000343322754
