<favourites>
	<favourite name="1. K[COLOR blue]ids[/COLOR] [COLOR red][B]WB[/B][/COLOR]" thumb="special://home/addons\plugin.video.tbh.kidswb\icon.png">ActivateWindow(10025,&quot;plugin://plugin.video.tbh.kidswb?sf_options=fanart%3Dspecial%3A%2F%2Fhome%2Faddons%5Cplugin.video.tbh.kidswb%5Cfanart.jpg%26desc%3DVideo+Addon.++Graphics+by+TwiztedZero+and+TheHighway.%26_options_sf&quot;,return)</favourite>
	<favourite name="2. Kids Tube" thumb="special://home/addons\plugin.video.kids-tube\icon.png">ActivateWindow(10025,&quot;plugin://plugin.video.kids-tube?sf_options=fanart%3Dspecial%3A%2F%2Fhome%2Faddons%5Cplugin.video.kids-tube%5Cfanart.jpg%26desc%3DYouTube+Channels+of+Fun+and+Educational+videos+for+kids%26_options_sf&quot;,return)</favourite>
	<favourite name="3. KidsTime" thumb="special://home/addons\plugin.video.kidstime\icon.png">ActivateWindow(10025,&quot;plugin://plugin.video.kidstime?sf_options=fanart%3Dspecial%3A%2F%2Fhome%2Faddons%5Cplugin.video.kidstime%5Cfanart.jpg%26desc%3DDe+beste+en+leukste+YouTube+kanalen+voor+kinderen.%26_options_sf&quot;,return)</favourite>
	<favourite name="4. Kinderen voor Kinderen" thumb="special://home/addons\plugin.video.kvk\icon.png">ActivateWindow(10025,&quot;plugin://plugin.video.kvk?sf_options=fanart%3Dspecial%3A%2F%2Fhome%2Faddons%5Cplugin.video.kvk%5Cfanart.jpg%26desc%3DVideo%27s+van+het+offici%C3%ABle+kanaal+van+Kinderen+voor+Kinderen.%26_options_sf&quot;,return)</favourite>
	<favourite name="5. KinderTube" thumb="special://home/addons\plugin.video.kindertube\icon.png">ActivateWindow(10025,&quot;plugin://plugin.video.kindertube?sf_options=fanart%3Dspecial%3A%2F%2Fhome%2Faddons%5Cplugin.video.kindertube%5Cfanart.jpg%26desc%3DDe+leukste+kinderfilmpjes%26_options_sf&quot;,return)</favourite>
	<favourite name="6. KissAnime" thumb="special://home/addons\plugin.video.kissanime\icon.png">ActivateWindow(10025,&quot;plugin://plugin.video.kissanime?sf_options=fanart%3Dspecial%3A%2F%2Fhome%2Faddons%5Cplugin.video.kissanime%5Cfanart.jpg%26desc%3DPlay+videos+from+kissanime.com.++New+Graphics+by+Marquerite.++Remember+to+check+out+KissAnime.com%27s+site+whenever+your+at+a+PC.++They+have+added+a+mobile+version+setup+for+-some-+mobile+devices.++It+looks+like+it%27ll+be+a+nice+feature+for+them%2C+and+I+encourage+you+to+check+it+out+%40+kissanime.com%2FM+with+a+compatible+mobile+device.++PCs+and+Other+Devices+will+forward+to+the+main+site.%26_options_sf&quot;,return)</favourite>
	<favourite name="7. KissCartoon" thumb="special://home/addons\plugin.video.kisscartoon\icon.png">ActivateWindow(10025,&quot;plugin://plugin.video.kisscartoon?sf_options=fanart%3Dspecial%3A%2F%2Fhome%2Faddons%5Cplugin.video.kisscartoon%5Cfanart.jpg%26desc%3DPlay+videos+from+kisscartoon.me.++This+project+has+been+ported+from+the+current+version+of+my+own+KissAnime+addon.++This+project+may+end+up+getting+re-ported+from+my+KissAnime+Re-write+project%2C+once+that+gets+finished.++Remember+to+check+out+KissCartoon.me%27s+site+whenever+your+at+a+PC.++Don%27t+forget+to+try+KissAnime.com+for+Anime+and+KissManga.com+for+Manga.%26_options_sf&quot;,return)</favourite>
	<favourite name="8. Little Kids" thumb="special://home/addons\plugin.video.littlekids\icon.png">ActivateWindow(10025,&quot;plugin://plugin.video.littlekids?sf_options=fanart%3Dspecial%3A%2F%2Fhome%2Faddons%5Cplugin.video.littlekids%5Cfanart.jpg%26desc%3DAn+addon+by+origin+for+not+so+little+kids%26_options_sf&quot;,return)</favourite>
	<favourite name="9. Cartoon HD" thumb="special://home/addons\plugin.video.cartoonhd\icon.png">ActivateWindow(10025,&quot;plugin://plugin.video.cartoonhd/?sf_options=desc%3DWatch+All+Your+Favourite+Kids+Cartoons%26_options_sf&quot;,return)</favourite>
	<favourite name="10. Cartoongo" thumb="special://home/addons\plugin.video.cartoongo\icon.png">ActivateWindow(10025,&quot;plugin://plugin.video.cartoongo/?sf_options=desc%3DWatch+anime+on+cartoongo%26_options_sf&quot;,return)</favourite>
	<favourite name="11. Cartoons8" thumb="special://home/addons\plugin.video.cartoons8\icon.png">ActivateWindow(10025,&quot;plugin://plugin.video.cartoons8?sf_options=fanart%3Dspecial%3A%2F%2Fhome%2Faddons%5Cplugin.video.cartoons8%5Cfanart.jpg%26_options_sf&quot;,return)</favourite>
	<favourite name="12. Velocity Kids" thumb="special://home/addons\plugin.video.velocitykids\icon.png">ActivateWindow(10025,&quot;plugin://plugin.video.velocitykids?sf_options=fanart%3Dspecial%3A%2F%2Fhome%2Faddons%5Cplugin.video.velocitykids%5Cfanart.jpg%26desc%3DCompanion+Addon+for+Velocity%2C++You+MUST+use+the+full+version+of+Velocity+to+be+able+to+add+content+to+this+addon.+It+does+not+need+to+be+on+the+same+system.%26_options_sf&quot;,return)</favourite>
</favourites>