<?xml version="1.0" encoding="UTF-8"?>
<window id="2006">
    <defaultcontrol always="true">-</defaultcontrol>
    <allowoverlay>yes</allowoverlay>
    <backgroundcolor>background</backgroundcolor>
    <onload condition="system.hasaddon(script.artistslideshow)">RunScript(script.artistslideshow)</onload>
    <controls>
        <control type="group">
            <control type="visualisation" id="2" description="Visualisation">
                <posx>0</posx>
                <top>0</top>
                <width>1920</width>
                <height>1080</height>
            </control>
            <control type="progress" id="23" description="Progress Bar">
                <visible>true</visible>
                <posx>84</posx>
                <top>-750</top>
                <width>747</width>
                <info>Player.Progress</info>
                <visible>true</visible>
            </control>
            <control type="multiimage" description="Slideshow">
                <visible>Skin.HasSetting(MusicPlayingFanart) + !IsEmpty(Window(Visualisation).Property(ArtistSlideshow))</visible>
                <include>Dimensions_Fullscreen</include>
                <fadetime>400</fadetime>
                <imagepath background="true">$INFO[Window(Visualisation).Property(ArtistSlideshow)]</imagepath>
                <aspectratio aligny="top">scale</aspectratio>
                <timeperimage>14000</timeperimage>
                <fadetime>10000</fadetime>
                <randomize>true</randomize>
                <animation effect="fade" start="0" end="70" time="300">Visible</animation>
                <animation effect="fade" start="70" end="0" time="200">Hidden</animation>
                <animation type="Conditional" condition="true">
                    <effect type="fade" start="0" end="70" time="0" reversible="false" />
                </animation>
            </control>
            <control type="image" description="Fanart only">
                <visible>Skin.HasSetting(MusicPlayingFanart) + IsEmpty(Window(Visualisation).Property(ArtistSlideshow))</visible>
                <include>Dimensions_Fullscreen</include>
                <fadetime>400</fadetime>
                <aspectratio>scale</aspectratio>
                <texture background="true">$INFO[MusicPlayer.Property(Fanart_Image)]</texture>
                <animation effect="fade" start="0" end="70" time="300">Visible</animation>
                <animation effect="fade" start="70" end="0" time="200">Hidden</animation>
                <animation type="Conditional" condition="true">
                    <effect type="fade" start="0" end="70" time="0" reversible="false" />
                </animation>
            </control>
            <control type="group" description="INFO grouped" id="1111">
                <visible>[Player.ShowInfo | Window.IsActive(MusicOSD) | !Visualisation.Enabled] + ![Window.IsVisible(AddonSettings) | Window.IsVisible(SelectDialog) | Window.IsVisible(VisualisationPresetList)]</visible>
                <animation effect="fade" time="500">Visible</animation>
                <animation effect="fade" time="200">Hidden</animation>
                <control type="group" description="Info panel LEFT">
                    <top>30</top>
                    <animation type="Conditional" condition="!IntegerGreaterThan(Control.GetLabel(23),0)" reversible="false">
                        <effect type="zoom" tween="quadratic" start="0" end="100" time="800" center="640,360" />
                        <effect type="fade" start="0" end="100" time="800" center="640,360" />
                    </animation>
                    <animation type="Conditional" condition="StringCompare(Control.GetLabel(23),100)" reversible="false">
                        <effect type="zoom" tween="quadratic" easing="in" start="100" end="260" time="300" center="640,360" />
                        <effect type="fade" start="100" end="0" easing="out" time="300" />
                    </animation>
                    <animation type="Conditional" condition="IntegerGreaterThan(Control.GetLabel(23),30) + !IntegerGreaterThan(Control.GetLabel(23),60)" reversible="false">
                        <effect type="rotatey" tween="quadratic" start="0" end="180" time="1000" center="960,540" />
                        <effect type="fade" start="100" end="0" time="400" center="640,360" />
                    </animation>
                    <animation type="Conditional" condition="![IntegerGreaterThan(Control.GetLabel(23),30) + !IntegerGreaterThan(Control.GetLabel(23),60)]" reversible="false">
                        <effect type="rotatey" tween="quadratic" start="180" end="0" time="1000" center="960,540" />
                        <effect type="fade" start="0" end="100" delay="300" time="700" center="640,360" />
                    </animation>
                    <control type="group" description="Music Cover group">
                        <top>225</top>
                        <posx>220</posx>
                        <!--control type="image" description="MusicAlbum">
                            <posx>0</posx>
                            <top>600</top>
                            <height>600</height>
                            <width>600</width>
                            <fadetime>300</fadetime>
                            <aspectratio aligny="top">stretch</aspectratio>
                            <texture flipy="true" diffuse="images/Reflection1.png" background="true">$INFO[MusicPlayer.Cover]</texture>
                        </control-->
                        <control type="image" description="MusicAlbum">
                            <posx>-65</posx>
                            <top>-118</top>
                            <height>650</height>
                            <width>650</width>
                            <fadetime>300</fadetime>
                            <aspectratio aligny="bottom">stretch</aspectratio>
                            <texture diffuse="images/Diffuse.png" background="true">$INFO[MusicPlayer.Cover]</texture>
                        </control>
                    </control>
                    <control type="group" description="Main Labels">
                        <left>739</left>					
                        <control type="image" description="Info BG">
                            <posx>118</posx>
                            <top>485</top>
                            <width>880</width>
                            <height>270</height>
                            <fadetime>400</fadetime>
                            <aspectratio>scale</aspectratio>
                            <texture colordiffuse="$VAR[diffusemenu]">$VAR[bgimgnav]</texture>
                            <animation effect="fade" time="300">Visible</animation>
                            <animation effect="fade" time="200">Hidden</animation>
                        </control>												
                        <control type="label" description="Title label">
                            <posx>124</posx>
                            <top>474</top>
                            <width>900</width>
                            <scroll>true</scroll>
                            <align>left</align>
                            <font>size42</font>
                            <textcolor>$VAR[diffusetext]</textcolor>
                            <animation effect="fade" time="200">VisibleChange</animation>
                            <label>$INFO[MusicPlayer.Title]</label>
                        </control>
                        <control type="label" description="Artist">
                            <posx>124</posx>
			    <top>530</top>
                            <width>900</width>
                            <label>$INFO[MusicPlayer.Artist]</label>
                            <scroll>true</scroll>
                            <align>left</align>
                            <font>size33</font>
                            <textcolor>$VAR[diffusetext]</textcolor>
                        </control>
                        <control type="label" description="Album">
                            <posx>124</posx>
			    <top>570</top>
                            <width>900</width>
                            <label>$INFO[MusicPlayer.Album]</label>
                            <align>left</align>
                            <font>size33</font>
                            <textcolor>$VAR[diffusetext]</textcolor>
                        </control>
                        <control type="label" description="Track position">
                            <posx>124</posx>
                            <top>610</top>
                            <width>900</width>
                            <align>left</align>
                            <textcolor>$VAR[diffusetext]</textcolor>
                            <animation effect="fade" time="200">VisibleChange</animation>
                            <label>$INFO[MusicPlayer.PlaylistPosition] $LOCALIZE[20163] $INFO[MusicPlayer.PlaylistLength]</label>
                            <font>size26</font>
                        </control>
                        <control type="group">
                            <top>710</top>
                            <control type="label">
                                <posx>124</posx>
                                <top>0</top>
                                <height>30</height>
                                <width>123</width>
                                <align>left</align>
                                <label>$INFO[Player.Time]</label>
                                <font>size24</font>
                                <textcolor>$VAR[diffusetext]</textcolor>
                            </control>
                            <control type="progress" description="Progress Bar">
                                <posx>214</posx>
                                <top>11</top>
                                <width>675</width>
                                <height>13</height>
                                <texturebg border="6,6,6,6">MusicOSD/ProgressBG.png</texturebg>
                                <midtexture border="6,0,6,0">MusicOSD/ProgressM.png</midtexture>
                                <righttexture border="0,6,0,6">MusicOSD/ProgressR.png</righttexture>
                                <lefttexture border="0,6,0,6">MusicOSD/ProgressL.png</lefttexture>
                                <overlaytexture>-</overlaytexture>
                                <info>Player.Progress</info>
                                <visible>true</visible>
                            </control>
                            <control type="label">
                                <posx>990</posx>
                                <top>0</top>
                                <height>30</height>
                                <width>123</width>
                                <align>right</align>
                                <label>$INFO[Player.TimeRemaining,-]</label>
                                <font>size24</font>
                                <textcolor>$VAR[diffusetext]</textcolor>
                            </control>
                            <control type="label">
                                <posx>777</posx>
                                <top>45</top>
                                <height>30</height>
                                <width>135</width>
                                <align>left</align>
                                <label>$INFO[Control.GetLabel(23)]</label>
                                <font>size26</font>
                                <textcolor>Red</textcolor>
                                <visible>Skin.HasSetting(DebugInfo)</visible>
                            </control>
                        </control>
                    </control>
                </control>
                <control type="group" description="Info panel RIGHT">
                    <top>30</top>
                    <visible>IntegerGreaterThan(Control.GetLabel(23),30) + !IntegerGreaterThan(Control.GetLabel(23),60)</visible>
                    <animation type="Visible" reversible="false">
                        <effect type="rotatey" tween="quadratic" start="-180" end="0" time="1000" center="960," />
                        <effect type="fade" start="0" end="100" delay="300" time="700" center="640,360" />
                    </animation>
                    <animation type="Hidden" reversible="false">
                        <effect type="rotatey" tween="quadratic" start="0" end="-180" time="1000" center="960," />
                        <effect type="fade" start="100" end="0" time="400" center="640,360" />
                    </animation>
                    <control type="group" description="Music Cover group">
                        <top>225</top>
                        <posx>1110</posx>
                        <!--control type="image" description="MusicAlbum">
                            <posx>0</posx>
                            <top>600</top>
                            <height>600</height>
                            <width>600</width>
                            <fadetime>300</fadetime>
                            <aspectratio aligny="top">stretch</aspectratio>
                            <texture flipy="true" diffuse="images/Reflection1.png" background="true">$INFO[MusicPlayer.Cover]</texture>
                        </control-->
                        <control type="image" description="MusicAlbum">
                            <posx>13</posx>
                            <top>-118</top>
                            <height>650</height>
                            <width>650</width>
                            <fadetime>300</fadetime>
                            <aspectratio aligny="bottom">stretch</aspectratio>
                            <texture diffuse="images/Diffuse.png" background="true">$INFO[MusicPlayer.Cover]</texture>
                        </control>
                    </control>
                    <control type="group" description="Main Labels">
                        <posx>1166</posx>
			<control type="image" description="Info BG">
                            <posx>-973</posx>
                            <top>485</top>
                            <width>880</width>
                            <height>270</height>
                            <fadetime>400</fadetime>
                            <aspectratio>scale</aspectratio>
                            <texture colordiffuse="$VAR[diffusemenu]">$VAR[bgimgnav]</texture>
                            <animation effect="fade" time="300">Visible</animation>
                            <animation effect="fade" time="200">Hidden</animation>
                        </control>		
			<control type="label" description="Title label">
                            <posx>-100</posx>
                            <top>474</top>
                            <width>900</width>
                            <scroll>true</scroll>
                            <align>right</align>
                            <font>size42</font>
                            <textcolor>$VAR[diffusetext]</textcolor>
                            <animation effect="fade" time="200">VisibleChange</animation>
                            <label>$INFO[MusicPlayer.Title]</label>
                        </control>
                        <control type="label" description="Artist">
                            <posx>-100</posx>
                            <top>530</top>
                            <width>900</width>
                            <label>$INFO[MusicPlayer.Artist]</label>
                            <scroll>true</scroll>
                            <align>right</align>
                            <font>size33</font>
                            <textcolor>$VAR[diffusetext]</textcolor>
                        </control>
                        <control type="label" description="Album">
                            <posx>-100</posx>
                            <top>570</top>
                            <width>900</width>
                            <label>$INFO[MusicPlayer.Album]</label>
                            <align>right</align>
                            <font>size33</font>
                            <textcolor>$VAR[diffusetext]</textcolor>
                        </control>
                        <control type="label" description="Track position">
                            <posx>-100</posx>
                            <top>610</top>
                            <width>900</width>
                            <align>right</align>
                            <textcolor>$VAR[diffusetext]</textcolor>
                            <animation effect="fade" time="200">VisibleChange</animation>
                            <label>$INFO[MusicPlayer.PlaylistPosition] $LOCALIZE[20163] $INFO[MusicPlayer.PlaylistLength]</label>
                            <font>size26</font>
                        </control>
                    </control>
                    <control type="group">
                        <top>710</top>
                        <control type="label">
                            <posx>204</posx>
                            <top>0</top>
                            <height>30</height>
                            <width>123</width>
                            <align>left</align>
                            <label>$INFO[Player.Time]</label>
                            <textcolor>$VAR[diffusetext]</textcolor>
                            <font>size24</font>
                        </control>
                        <control type="progress" description="Progress Bar">
                            <posx>294</posx>
                            <top>11</top>
                            <width>675</width>
                            <height>13</height>
                            <texturebg border="6,6,6,6">MusicOSD/ProgressBG.png</texturebg>
                            <midtexture border="6,0,6,0">MusicOSD/ProgressM.png</midtexture>
                            <righttexture border="0,6,0,6">MusicOSD/ProgressR.png</righttexture>
                            <lefttexture border="0,6,0,6">MusicOSD/ProgressL.png</lefttexture>
                            <overlaytexture>-</overlaytexture>
                            <info>Player.Progress</info>
                            <visible>true</visible>
                        </control>
                        <control type="label">
                            <posx>1066</posx>
                            <top>0</top>
                            <height>30</height>
                            <width>123</width>
                            <align>right</align>
                            <label>$INFO[Player.TimeRemaining,-]</label>
                            <font>size24</font>
                            <textcolor>$VAR[diffusetext]</textcolor>
                        </control>
                        <control type="label">
                            <posx>777</posx>
                            <top>45</top>
                            <height>30</height>
                            <width>135</width>
                            <align>left</align>
                            <label>$INFO[Control.GetLabel(23)]</label>
                            <font>size26</font>
                            <textcolor>Red</textcolor>
                            <visible>Skin.HasSetting(DebugInfo)</visible>
                        </control>
                    </control>
                </control>
            </control>
        </control>
        <control type="group" id="0">
            <posx>0</posx>
            <top>0</top>
            <visible>Player.ShowCodec</visible>
            <animation effect="fade" time="200">VisibleChange</animation>
            <control type="image" description="Info Background">
                <posx>0</posx>
                <top>0</top>
                <width>1920</width>
                <height>60</height>
                <texture>images/white.png</texture>
                <colordiffuse>$VAR[bgcolor1]</colordiffuse>
            </control>
            <control type="label" description="row 1 sys label">
                <posx>45</posx>
                <top>0</top>
                <width>1770</width>
                <height>60</height>
                <align>left</align>
                <aligny>center</aligny>
                <font>size26</font>
                <label>[UPPERCASE]$INFO[musicplayer.Codec][/UPPERCASE] $INFO[musicplayer.Bitrate, @ ,kbps]$INFO[musicplayer.bitspersample, · ,bit]$INFO[musicplayer.Samplerate, · ,kHz]$INFO[musicplayer.Channels, · , $LOCALIZE[21444]]</label>
            </control>
            <control type="label" description="row 2 sys label">
                <posx>1875</posx>
                <top>0</top>
                <width>1770</width>
                <height>60</height>
                <align>right</align>
                <aligny>center</aligny>
                <font>size26</font>
                <label>$INFO[Visualisation.Preset,, @ ]$INFO[Visualisation.Name]</label>
            </control>
        </control>
        <control type="group">
            <top>40</top>
            <visible>IntegerGreaterThan(Control.GetLabel(23),95) | !IntegerGreaterThan(Control.GetLabel(23),5)</visible>
            <animation effect="fade" start="0" end="100" time="1000" tween="Elastic" easing="inout">VisibleChange</animation>
            <control type="group">
                <posx>40</posx>
                <control type="label" description="Previous">
                    <height>36</height>
                    <width>750</width>
                    <label>$LOCALIZE[210]</label>
                    <font>size22</font>
                    <textcolor></textcolor>
                </control>
                <control type="label" description="Previous">
                    <posx>30</posx>
                    <top>34</top>
                    <height>36</height>
                    <width>750</width>
                    <label>$INFO[MusicPlayer.offset(-1).Title]</label>
                    <font>size33</font>
                    <textcolor>3</textcolor>
                </control>
            </control>
            <control type="group">
                <posx>1880</posx>
                <control type="label" description="Next">
                    <height>36</height>
                    <width>750</width>
                    <align>right</align>
                    <label>$LOCALIZE[209]</label>
                    <font>size22</font>
                    <textcolor></textcolor>

                </control>
                <control type="label" description="Next">
                    <posx>70r</posx>
                    <top>34</top>
                    <height>36</height>
                    <width>750</width>
                    <align>right</align>
                    <label>$INFO[MusicPlayer.offset(1).Title]</label>
                    <font>size33</font>
                    <textcolor>3</textcolor>

                </control>
            </control>
        </control>
        <control type="image">
            <visible>Control.IsVisible(1111)</visible>
            <description>Rating image</description>
            <centerleft>975</centerleft>
            <top>700</top>
            <width>140</width>
            <height>27</height>
            <aspectratio align="right">keep</aspectratio>
            <texture>$INFO[Player.StarRating]</texture>
        </control>
    </controls>
</window>
