<sources>
<programs>
<default pathversion="1"></default>
</programs>
<video>
<default pathversion="1"></default><source><name>PVR Recordings</name><path pathversion="1">pvr://recordings/active/Default/</path></source>
</video>
<music>
<default pathversion="1"></default>
</music>
<pictures>
<default pathversion="1"></default>
</pictures>
<files>
<default pathversion="1"></default>
<source>
<name>Films</name>
<path pathversion="1">http://kodi.gq/films/</path>
<allowsharing>true</allowsharing>
</source>
<source>
<name>Series</name>
<path pathversion="1">https://www.dropbox.com/sh/zu8xnmdrxz7qldt/AAD9bHjpLIxmj58-Oj_cUHO3a?dl=0</path>
<allowsharing>true</allowsharing>
</source>
</files>
</sources>
