<?xml version="1.0" encoding="utf-8"?>
<window>
	<defaultcontrol always="true">4000</defaultcontrol>
	<controls>
		<control type="group">
			<!-- left side -->
			<animation effect="slide" start="-1500,0" end="0,0" delay="600" time="900" tween="sine">WindowOpen</animation>
			<animation effect="slide" end="-1500,0" time="900" tween="sine" condition="Control.HasFocus(132) | ControlGroup(5000).HasFocus">WindowClose</animation>
			<animation effect="slide" end="-749,0" time="450" tween="sine" easing="inout" condition="!Control.HasFocus(132) + !ControlGroup(5000).HasFocus">Conditional</animation>
			<control type="image">
				<width>729</width>
				<height>1080</height>
				<texture>info/movieinfogradient.png</texture>
			</control>
			<control type="image">
				<width>729</width>
				<height>1080</height>
				<aspectratio aligny="top">scale</aspectratio>
				<fadetime>300</fadetime>
				<texture>$INFO[Window.Property(thumb)]</texture>
			</control>
		</control>
		<control type="button" id="20000">
			<height>0</height>
			<width>0</width>
			<texturefocus>-</texturefocus>
			<posx>-5000</posx>
			<onfocus>SetFocus(132)</onfocus>
			<onclick>noop</onclick>
			<visible allowhiddenfocus="true">Control.HasFocus(20000)</visible>
		</control>
		<control type="button" id="20001">
			<height>0</height>
			<width>0</width>
			<texturefocus>-</texturefocus>
			<posx>-5000</posx>
			<onclick>noop</onclick>
			<visible allowhiddenfocus="true">Control.HasFocus(20001)</visible>
		</control>
		<control type="group">
			<animation effect="slide" start="5042,0" end="0,0" time="1500" tween="sine">WindowOpen</animation>
			<animation effect="slide" end="1242,0" time="450" tween="sine" condition="Control.HasFocus(132) | ControlGroup(5000).HasFocus">WindowClose</animation>
			<animation effect="slide" end="0,1080" time="450" tween="sine" condition="!Control.HasFocus(132) + !ControlGroup(5000).HasFocus">WindowClose</animation>
			<animation effect="slide" end="-749,0" time="450" tween="sine" easing="inout" condition="!Control.HasFocus(132) + !ControlGroup(5000).HasFocus">Conditional</animation>
			<!-- right side -->
			<control type="image">
				<posx>729</posx>
				<width>1950</width>
				<height>1080</height>
				<aspectratio align="center">scale</aspectratio>
				<texture fallback="common/black.png">$INFO[Window.Property(ImageFilter)]</texture>
			</control>
			<control type="image">
				<posx>729</posx>
				<width>1950</width>
				<animation effect="fade" start="100" end="60" time="0" condition="true">Conditional</animation>
				<height>1080</height>
				<aspectratio align="center">scale</aspectratio>
				<texture colordiffuse="$INFO[Window(home).Property(ImageColor)]">diffuseoverlay.png</texture>
			</control>
			<control type="group" id="33000">
				<posx>825</posx>
				<posy>22</posy>
				<visible>!Control.HasFocus(132)</visible>
				<animation effect="fade" time="250">VisibleChange</animation>
				<control type="image">
					<posx>990</posx>
					<posy>-20</posy>
					<width>830</width>
					<height>130</height>
					<aspectratio align="right">keep</aspectratio>
					<texture>moviedb.png</texture>
				</control>
			</control>
			<control type="group">
				<posx>825</posx>
				<posy>68</posy>
				<width>1042</width>
				<height>854</height>
				<control type="label">
					<posx>-40</posx>
					<posy>-15</posy>
					<height>60</height>
					<width>1050</width>
					<label>$INFO[Window.Property(title)]</label>
					<font>font30_title</font>
					<scroll>true</scroll>
				</control>
				<control type="image">
					<posx>-40</posx>
					<posy>58</posy>
					<width>1042</width>
					<height>1</height>
					<texture>info/infopanel_line.png</texture>
				</control>
				<control type="grouplist" id="4000">
					<posx>-80</posx>
					<posy>60</posy>
					<width>2000</width>
					<itemgap>15</itemgap>
					<height>1000</height>
					<animation type="Conditional" condition="!IsEmpty(Window.Property(Bounce.Down))" reversible="false">
						<effect type="slide" end="0,20" time="60" tween="sine" />
						<effect type="slide" end="0,-20" time="180" tween="sine" delay="80" />
					</animation>
					<animation type="Conditional" condition="!IsEmpty(Window.Property(Bounce.Up))" reversible="false">
						<effect type="slide" end="0,-20" time="60" tween="sine" />
						<effect type="slide" end="0,20" time="180" tween="sine" delay="80" />
					</animation>
					<scrolltime tween="sine">400</scrolltime>
					<orientation>vertical</orientation>
					<usecontrolcoords>true</usecontrolcoords>
					<control type="label">
						<align>left</align>
						<aligny>center</aligny>
						<posx>40</posx>
						<posy>10</posy>
						<width>1000</width>
						<height>25</height>
						<textcolor>FF999999</textcolor>
						<font>font12m</font>
						<label>$INFO[Window.Property(AlsoKnownAs),$ADDON[script.extendedinfo 32016]: [COLOR=FFFAFAFA],[/COLOR]]</label>
						<visible>!isEmpty(Window.Property(AlsoKnownAs))</visible>
					</control>
					<control type="label">
						<align>left</align>
						<aligny>center</aligny>
						<posx>40</posx>
						<posy>10</posy>
						<width>1000</width>
						<height>25</height>
						<textcolor>FF999999</textcolor>
						<font>font12m</font>
						<label>$INFO[Window.Property(Birthday),$ADDON[script.extendedinfo 32012]: [COLOR=FFFAFAFA],[/COLOR]] $INFO[Window.Property(Age),$ADDON[script.extendedinfo 32020]: [COLOR=FFFAFAFA],[/COLOR]]</label>
						<visible>!isEmpty(Window.Property(Birthday))</visible>
					</control>
					<control type="label">
						<align>left</align>
						<aligny>center</aligny>
						<posx>40</posx>
						<posy>10</posy>
						<width>1000</width>
						<height>25</height>
						<textcolor>FF999999</textcolor>
						<font>font12m</font>
						<label>$INFO[Window.Property(PlaceOfBirth),$ADDON[script.extendedinfo 32014]: [COLOR=FFFAFAFA],[/COLOR]]</label>
						<visible>!isEmpty(Window.Property(PlaceOfBirth))</visible>
					</control>
					<control type="label">
						<align>left</align>
						<aligny>center</aligny>
						<posx>40</posx>
						<posy>10</posy>
						<width>1000</width>
						<height>25</height>
						<textcolor>FF999999</textcolor>
						<font>font12m</font>
						<label>$INFO[Window.Property(TotalMovies),$ADDON[script.extendedinfo 32011]: [COLOR=FFFAFAFA],[/COLOR]]</label>
						<visible>!isEmpty(Window.Property(TotalMovies))</visible>
					</control>
					<control type="label">
						<align>left</align>
						<aligny>center</aligny>
						<posx>40</posx>
						<posy>10</posy>
						<width>1000</width>
						<height>25</height>
						<textcolor>FF999999</textcolor>
						<font>font12m</font>
						<label>$INFO[Window.Property(DBMovies),$ADDON[script.extendedinfo 32021]: [COLOR=FFFAFAFA],[/COLOR]]</label>
						<visible>!isEmpty(Window.Property(DBMovies))</visible>
					</control>
					<control type="label">
						<align>left</align>
						<aligny>center</aligny>
						<posx>40</posx>
						<posy>10</posy>
						<width>1000</width>
						<height>25</height>
						<textcolor>FF999999</textcolor>
						<font>font12m</font>
						<label>$INFO[Window.Property(Homepage),$ADDON[script.extendedinfo 32017]: [COLOR=FFFAFAFA],[/COLOR]]</label>
						<visible>!isEmpty(Window.Property(Homepage))</visible>
					</control>
					<control type="label">
						<align>left</align>
						<aligny>center</aligny>
						<posx>40</posx>
						<posy>0</posy>
						<width>1000</width>
						<height>25</height>
						<textcolor>FF999999</textcolor>
						<font>font12m</font>
						<label>$INFO[Window.Property(Deathday),$ADDON[script.extendedinfo 32013]: [COLOR=FFFAFAFA],[/COLOR]]</label>
						<visible>!isEmpty(Window.Property(Deathday))</visible>
					</control>
					<control type="group" id="140">
						<height>255</height>
						<control type="radiobutton" id="132">
							<posx>0</posx>
							<posy>0</posy>
							<width>1120</width>
							<height>255</height>
							<radioposx>30</radioposx>
							<radioposy>20</radioposy>
							<radiowidth>46</radiowidth>
							<radioheight>46</radioheight>
							<onup>SetFocus(20000)</onup>
							<ondown>150</ondown>
							<textureradioonfocus colordiffuse="FFFAFAFA">icons/DefaultAddonTvInfo.png</textureradioonfocus>
							<textureradioofffocus colordiffuse="FFFAFAFA">icons/DefaultAddonTvInfo.png</textureradioofffocus>
							<textureradiooffnofocus colordiffuse="FFFAFAFA">icons/DefaultAddonTvInfo.png</textureradiooffnofocus>
							<textureradioonnofocus colordiffuse="FFFAFAFA">icons/DefaultAddonTvInfo.png</textureradioonnofocus>
							<texturefocus border="40" colordiffuse="$INFO[Window(home).Property(ImageColor)]">buttons/roundedbutton-focus.png</texturefocus>
							<texturenofocus border="40" colordiffuse="$INFO[Window(home).Property(ImageColor)]">buttons/roundedbutton-nofocus.png</texturenofocus>
							<label>-</label>
						</control>
						<control type="textbox" id="800">
							<posx>93</posx>
							<posy>20</posy>
							<width>980</width>
							<height>210</height>
							<align>left</align>
							<label fallback="No info available">$INFO[Window.Property(Biography)]</label>
							<font>font12m</font>
							<autoscroll delay="10000" time="2000" repeat="10000">true</autoscroll>
						</control>
					</control>
					<control type="group" id="1500">
						<visible>IntegerGreaterThan(Container(150).NumItems,0)</visible>
						<height>540</height>
						<control type="label">
							<posy>6</posy>
							<posx>25</posx>
							<width>500</width>
							<height>25</height>
							<aligny>center</aligny>
							<font>font13m</font>
							<label>$ADDON[script.extendedinfo 32120]$INFO[Container(150).NumItems, (,)]</label>
						</control>
						<control type="image">
							<posx>0</posx>
							<posy>200</posy>
							<width>28</width>
							<height>28</height>
							<texture colordiffuse="$INFO[Window.Property(ImageColor)]" flipx="true">arrowright.png</texture>
							<animation effect="slide" start="30,0" end="0,0" time="200">VisibleChange</animation>
							<animation effect="slide" start="-150" end="0" delay="640" time="320" tween="cubic">WindowOpen</animation>
							<visible>Container(150).HasPrevious + Control.HasFocus(150)</visible>
						</control>
						<control type="image">
							<posx>1883</posx>
							<posy>200</posy>
							<width>28</width>
							<height>28</height>
							<texture colordiffuse="$INFO[Window.Property(ImageColor)]">arrowright.png</texture>
							<animation effect="slide" start="-30,0" end="0,0" time="200">VisibleChange</animation>
							<animation effect="slide" start="150" end="0" delay="640" time="320" tween="cubic">WindowOpen</animation>
							<visible>Container(150).HasNext + Control.HasFocus(150)</visible>
						</control>
						<control type="panel" id="150">
							<posy>30</posy>
							<posx>-45</posx>
							<width>1950</width>
							<height>600</height>
							<onleft>150</onleft>
							<onright>150</onright>
							<onup>132</onup>
							<ondown>250</ondown>
							<scrolltime>200</scrolltime>
							<orientation>horizontal</orientation>
							<animation type="WindowOpen" reversible="false">
								<effect type="slide" start="0,1080" end="0,0" delay="0" tween="sine" time="1300" />
							</animation>
							<itemlayout height="400" width="270">
								<control type="group">
									<control type="image">
										<posy>0</posy>
										<posx>50</posx>
										<width>280</width>
										<height>380</height>
										<texture border="40" colordiffuse="$INFO[Window(home).Property(ImageColor)]">buttons/roundedbutton-nofocus.png</texture>
									</control>
									<control type="group">
										<posx>77</posx>
										<posy>18</posy>
										<control type="image">
											<posy>10</posy>
											<width>224</width>
											<height>325</height>
											<texture background="true" fallback="DefaultVideo.png">$INFO[ListItem.Thumb]</texture>
											<aspectratio aligny="center">scale</aspectratio>
											<fadetime>0</fadetime>
										</control>
										<control type="image">
											<width>55</width>
											<height>55</height>
											<posy>10</posy>
											<posx>169</posx>
											<texture>flags/local.png</texture>
											<visible>!IsEmpty(ListItem.Property(DBID))</visible>
										</control>
										<control type="image">
											<posy>310</posy>
											<width>63</width>
											<height>25</height>
											<texture>common/black.png</texture>
											<animation effect="fade" end="60" time="0" condition="true">Conditional</animation>
											<aspectratio aligny="center">scale</aspectratio>
											<visible>!IsEmpty(ListItem.Year)</visible>
										</control>
										<control type="label">
											<posx>5</posx>
											<posy>310</posy>
											<width>84</width>
											<height>25</height>
											<font>font10m</font>
											<aligny>center</aligny>
											<align>left</align>
											<label>$INFO[ListItem.Year]</label>
										</control>
										<control type="image">
											<posy>10</posy>
											<width>224</width>
											<height>325</height>
											<texture>common/black.png</texture>
											<animation effect="fade" start="100" end="0" time="200" condition="!Control.HasFocus(150)">Conditional</animation>
											<animation effect="fade" end="30" time="0" condition="true">Conditional</animation>
											<aspectratio aligny="center">scale</aspectratio>
										</control>
										<control type="textbox">
											<width>228</width>
											<height>140</height>
											<posx>0</posx>
											<posy>340</posy>
											<align>center</align>
											<font>font12m</font>
											<textcolor>FFF0F0F0</textcolor>
											<label>$INFO[ListItem.Label][CR][COLOR FF999999]$INFO[ListItem.Property(Character)][/COLOR]</label>
										</control>
									</control>
								</control>
							</itemlayout>
							<focusedlayout height="400" width="270">
								<control type="group">
									<control type="image">
										<posy>0</posy>
										<posx>50</posx>
										<width>280</width>
										<height>380</height>
										<texture border="40" colordiffuse="$INFO[Window(home).Property(ImageColor)]">buttons/roundedbutton-nofocus.png</texture>
									</control>
									<control type="image">
										<posy>0</posy>
										<posx>50</posx>
										<width>280</width>
										<height>380</height>
										<texture border="40" colordiffuse="$INFO[Window(home).Property(ImageColor)]">buttons/roundedbutton-focus.png</texture>
										<animation effect="fade" start="0" end="100" time="160">Focus</animation>
										<animation effect="fade" start="0" end="100" time="0">UnFocus</animation>
									</control>
									<control type="group">
										<posx>77</posx>
										<posy>18</posy>
										<control type="image">
											<posy>10</posy>
											<width>224</width>
											<height>325</height>
											<texture background="true" fallback="DefaultVideo.png">$INFO[ListItem.Thumb]</texture>
											<aspectratio aligny="center">scale</aspectratio>
											<fadetime>0</fadetime>
										</control>
										<control type="image">
											<width>55</width>
											<height>55</height>
											<posy>10</posy>
											<posx>169</posx>
											<texture>flags/local.png</texture>
											<visible>!IsEmpty(ListItem.Property(DBID))</visible>
										</control>
										<control type="image">
											<posy>310</posy>
											<width>63</width>
											<height>25</height>
											<texture>common/black.png</texture>
											<animation effect="fade" end="60" time="0" condition="true">Conditional</animation>
											<aspectratio aligny="center">scale</aspectratio>
											<visible>!IsEmpty(ListItem.Year)</visible>
										</control>
										<control type="label">
											<posx>5</posx>
											<posy>310</posy>
											<width>84</width>
											<height>25</height>
											<font>font10m</font>
											<aligny>center</aligny>
											<align>left</align>
											<label>$INFO[ListItem.Year]</label>
										</control>
										<control type="textbox">
											<width>228</width>
											<height>140</height>
											<posx>0</posx>
											<posy>340</posy>
											<align>center</align>
											<font>font12m</font>
											<textcolor>FFF0F0F0</textcolor>
											<label>$INFO[ListItem.Label][CR][COLOR FF999999]$INFO[ListItem.Property(Character)][/COLOR]</label>
										</control>
									</control>
								</control>
							</focusedlayout>
						</control>
					</control>
					<control type="group" id="2500">
						<height>540</height>
						<visible>IntegerGreaterThan(Container(250).NumItems,0)</visible>
						<control type="label">
							<posy>6</posy>
							<posx>25</posx>
							<width>500</width>
							<height>25</height>
							<aligny>center</aligny>
							<font>font13m</font>
							<label>$ADDON[script.extendedinfo 32121]$INFO[Container(250).NumItems, (,)]</label>
						</control>
						<control type="image">
							<posx>0</posx>
							<posy>200</posy>
							<width>28</width>
							<height>28</height>
							<texture colordiffuse="$INFO[Window.Property(ImageColor)]" flipx="true">arrowright.png</texture>
							<animation effect="slide" start="30,0" end="0,0" time="200">VisibleChange</animation>
							<animation effect="slide" start="-150" end="0" delay="640" time="320" tween="cubic">WindowOpen</animation>
							<visible>Container(250).HasPrevious + Control.HasFocus(250)</visible>
						</control>
						<control type="image">
							<posx>1883</posx>
							<posy>200</posy>
							<width>28</width>
							<height>28</height>
							<texture colordiffuse="$INFO[Window.Property(ImageColor)]">arrowright.png</texture>
							<animation effect="slide" start="-30,0" end="0,0" time="200">VisibleChange</animation>
							<animation effect="slide" start="150" end="0" delay="640" time="320" tween="cubic">WindowOpen</animation>
							<visible>Container(250).HasNext + Control.HasFocus(250)</visible>
						</control>
						<control type="panel" id="250">
							<posy>30</posy>
							<posx>-45</posx>
							<width>1950</width>
							<height>600</height>
							<onleft>250</onleft>
							<onright>250</onright>
							<onup>150</onup>
							<ondown>550</ondown>
							<scrolltime>200</scrolltime>
							<orientation>horizontal</orientation>
							<animation type="WindowOpen" reversible="false">
								<effect type="slide" start="0,1080" end="0,0" delay="0" tween="sine" time="1300" />
							</animation>
							<itemlayout height="400" width="270">
								<control type="group">
									<control type="image">
										<posy>0</posy>
										<posx>50</posx>
										<width>280</width>
										<height>380</height>
										<texture border="40" colordiffuse="$INFO[Window(home).Property(ImageColor)]">buttons/roundedbutton-nofocus.png</texture>
									</control>
									<control type="group">
										<posx>77</posx>
										<posy>18</posy>
										<control type="image">
											<posy>10</posy>
											<width>224</width>
											<height>325</height>
											<texture background="true" fallback="DefaultVideo.png">$INFO[ListItem.Thumb]</texture>
											<aspectratio aligny="center">scale</aspectratio>
											<fadetime>0</fadetime>
										</control>
										<control type="image">
											<width>55</width>
											<height>55</height>
											<posy>10</posy>
											<posx>169</posx>
											<texture>flags/local.png</texture>
											<visible>!IsEmpty(ListItem.Property(DBID))</visible>
										</control>
										<control type="image">
											<posy>310</posy>
											<width>63</width>
											<height>25</height>
											<texture>common/black.png</texture>
											<animation effect="fade" end="60" time="0" condition="true">Conditional</animation>
											<aspectratio aligny="center">scale</aspectratio>
											<visible>!IsEmpty(ListItem.Year)</visible>
										</control>
										<control type="label">
											<posx>5</posx>
											<posy>310</posy>
											<width>84</width>
											<height>25</height>
											<font>font10m</font>
											<aligny>center</aligny>
											<align>left</align>
											<label>$INFO[ListItem.Year]</label>
										</control>
										<control type="image">
											<posy>10</posy>
											<width>224</width>
											<height>325</height>
											<texture>common/black.png</texture>
											<animation effect="fade" start="100" end="0" time="200" condition="!Control.HasFocus(250)">Conditional</animation>
											<animation effect="fade" end="30" time="0" condition="true">Conditional</animation>
											<aspectratio aligny="center">scale</aspectratio>
										</control>
										<control type="textbox">
											<width>228</width>
											<height>140</height>
											<posx>0</posx>
											<posy>340</posy>
											<align>center</align>
											<font>font12m</font>
											<textcolor>FFF0F0F0</textcolor>
											<label>$INFO[ListItem.Label][CR][COLOR FF999999]$INFO[ListItem.Property(Character)][/COLOR]</label>
										</control>
									</control>
								</control>
							</itemlayout>
							<focusedlayout height="400" width="270">
								<control type="group">
									<control type="image">
										<posy>0</posy>
										<posx>50</posx>
										<width>280</width>
										<height>380</height>
										<texture border="40" colordiffuse="$INFO[Window(home).Property(ImageColor)]">buttons/roundedbutton-nofocus.png</texture>
									</control>
									<control type="image">
										<posy>0</posy>
										<posx>50</posx>
										<width>280</width>
										<height>380</height>
										<texture border="40" colordiffuse="$INFO[Window(home).Property(ImageColor)]">buttons/roundedbutton-focus.png</texture>
										<animation effect="fade" start="0" end="100" time="160">Focus</animation>
										<animation effect="fade" start="0" end="100" time="0">UnFocus</animation>
									</control>
									<control type="group">
										<posx>77</posx>
										<posy>18</posy>
										<control type="image">
											<posy>10</posy>
											<width>224</width>
											<height>325</height>
											<texture background="true" fallback="DefaultVideo.png">$INFO[ListItem.Thumb]</texture>
											<aspectratio aligny="center">scale</aspectratio>
											<fadetime>0</fadetime>
										</control>
										<control type="image">
											<width>55</width>
											<height>55</height>
											<posy>10</posy>
											<posx>169</posx>
											<texture>flags/local.png</texture>
											<visible>!IsEmpty(ListItem.Property(DBID))</visible>
										</control>
										<control type="image">
											<posy>310</posy>
											<width>63</width>
											<height>25</height>
											<texture>common/black.png</texture>
											<animation effect="fade" end="60" time="0" condition="true">Conditional</animation>
											<aspectratio aligny="center">scale</aspectratio>
											<visible>!IsEmpty(ListItem.Year)</visible>
										</control>
										<control type="label">
											<posx>5</posx>
											<posy>310</posy>
											<width>84</width>
											<height>25</height>
											<font>font10m</font>
											<aligny>center</aligny>
											<align>left</align>
											<label>$INFO[ListItem.Year]</label>
										</control>
										<control type="textbox">
											<width>228</width>
											<height>140</height>
											<posx>0</posx>
											<posy>340</posy>
											<align>center</align>
											<font>font12m</font>
											<textcolor>FFF0F0F0</textcolor>
											<label>$INFO[ListItem.Label][CR][COLOR FF999999]$INFO[ListItem.Property(Character)][/COLOR]</label>
										</control>
									</control>
								</control>
							</focusedlayout>
						</control>
					</control>
					<control type="group" id="5500">
						<visible>IntegerGreaterThan(Container(550).NumItems,0)</visible>
						<height>540</height>
						<control type="label">
							<posy>6</posy>
							<posx>25</posx>
							<width>500</width>
							<height>25</height>
							<aligny>center</aligny>
							<font>font13m</font>
							<label>$ADDON[script.extendedinfo 32122]$INFO[Container(550).NumItems, (,)]</label>
						</control>
						<control type="image">
							<posx>0</posx>
							<posy>200</posy>
							<width>28</width>
							<height>28</height>
							<texture colordiffuse="$INFO[Window.Property(ImageColor)]" flipx="true">arrowright.png</texture>
							<animation effect="slide" start="30,0" end="0,0" time="200">VisibleChange</animation>
							<animation effect="slide" start="-150" end="0" delay="640" time="320" tween="cubic">WindowOpen</animation>
							<visible>Container(550).HasPrevious + Control.HasFocus(550)</visible>
						</control>
						<control type="image">
							<posx>1883</posx>
							<posy>200</posy>
							<width>28</width>
							<height>28</height>
							<texture colordiffuse="$INFO[Window.Property(ImageColor)]">arrowright.png</texture>
							<animation effect="slide" start="-30,0" end="0,0" time="200">VisibleChange</animation>
							<animation effect="slide" start="150" end="0" delay="640" time="320" tween="cubic">WindowOpen</animation>
							<visible>Container(550).HasNext + Control.HasFocus(550)</visible>
						</control>
						<control type="panel" id="550">
							<posy>30</posy>
							<posx>-45</posx>
							<width>1950</width>
							<height>600</height>
							<onleft>550</onleft>
							<onright>550</onright>
							<onup>250</onup>
							<ondown>650</ondown>
							<scrolltime>200</scrolltime>
							<orientation>horizontal</orientation>
							<animation type="WindowOpen" reversible="false">
								<effect type="slide" start="0,1080" end="0,0" delay="0" tween="sine" time="1300" />
							</animation>
							<itemlayout height="400" width="270">
								<control type="group">
									<control type="image">
										<posy>0</posy>
										<posx>50</posx>
										<width>280</width>
										<height>380</height>
										<texture border="40" colordiffuse="$INFO[Window(home).Property(ImageColor)]">buttons/roundedbutton-nofocus.png</texture>
									</control>
									<control type="group">
										<posx>77</posx>
										<posy>18</posy>
										<control type="image">
											<posy>10</posy>
											<width>224</width>
											<height>325</height>
											<texture background="true" fallback="DefaultVideo.png">$INFO[ListItem.Thumb]</texture>
											<aspectratio aligny="center">scale</aspectratio>
											<fadetime>0</fadetime>
										</control>
										<control type="image">
											<width>55</width>
											<height>55</height>
											<posy>10</posy>
											<posx>169</posx>
											<texture>flags/local.png</texture>
											<visible>!IsEmpty(ListItem.Property(DBID))</visible>
										</control>
										<control type="image">
											<posy>310</posy>
											<width>63</width>
											<height>25</height>
											<texture>common/black.png</texture>
											<animation effect="fade" end="60" time="0" condition="true">Conditional</animation>
											<aspectratio aligny="center">scale</aspectratio>
											<visible>!IsEmpty(ListItem.Year)</visible>
										</control>
										<control type="label">
											<posx>5</posx>
											<posy>310</posy>
											<width>84</width>
											<height>25</height>
											<font>font10m</font>
											<aligny>center</aligny>
											<align>left</align>
											<label>$INFO[ListItem.Year]</label>
										</control>
										<control type="image">
											<posy>10</posy>
											<width>224</width>
											<height>325</height>
											<texture>common/black.png</texture>
											<animation effect="fade" start="100" end="0" time="0" condition="!Control.HasFocus(550)">Conditional</animation>
											<animation effect="fade" end="30" time="0" condition="true">Conditional</animation>
											<aspectratio aligny="center">scale</aspectratio>
										</control>
										<control type="textbox">
											<width>228</width>
											<height>140</height>
											<posx>0</posx>
											<posy>340</posy>
											<align>center</align>
											<font>font12m</font>
											<textcolor>FFF0F0F0</textcolor>
											<label>$INFO[ListItem.Label][CR][COLOR FF999999]$INFO[ListItem.Property(Job)][/COLOR]</label>
										</control>
									</control>
								</control>
							</itemlayout>
							<focusedlayout height="400" width="270">
								<control type="group">
									<control type="image">
										<posy>0</posy>
										<posx>50</posx>
										<width>280</width>
										<height>380</height>
										<texture border="40" colordiffuse="$INFO[Window(home).Property(ImageColor)]">buttons/roundedbutton-nofocus.png</texture>
									</control>
									<control type="image">
										<posy>0</posy>
										<posx>50</posx>
										<width>280</width>
										<height>380</height>
										<texture border="40" colordiffuse="$INFO[Window(home).Property(ImageColor)]">buttons/roundedbutton-focus.png</texture>
										<animation effect="fade" start="0" end="100" time="160">Focus</animation>
										<animation effect="fade" start="0" end="100" time="0">UnFocus</animation>
									</control>
									<control type="group">
										<posx>77</posx>
										<posy>18</posy>
										<control type="image">
											<posy>10</posy>
											<width>224</width>
											<height>325</height>
											<texture background="true" fallback="DefaultVideo.png">$INFO[ListItem.Thumb]</texture>
											<aspectratio aligny="center">scale</aspectratio>
											<fadetime>0</fadetime>
										</control>
										<control type="image">
											<width>55</width>
											<height>55</height>
											<posy>10</posy>
											<posx>169</posx>
											<texture>flags/local.png</texture>
											<visible>!IsEmpty(ListItem.Property(DBID))</visible>
										</control>
										<control type="image">
											<posy>310</posy>
											<width>63</width>
											<height>25</height>
											<texture>common/black.png</texture>
											<animation effect="fade" end="60" time="0" condition="true">Conditional</animation>
											<aspectratio aligny="center">scale</aspectratio>
											<visible>!IsEmpty(ListItem.Year)</visible>
										</control>
										<control type="label">
											<posx>5</posx>
											<posy>310</posy>
											<width>84</width>
											<height>25</height>
											<font>font10m</font>
											<aligny>center</aligny>
											<align>left</align>
											<label>$INFO[ListItem.Year]</label>
										</control>
										<control type="textbox">
											<width>228</width>
											<height>140</height>
											<posx>0</posx>
											<posy>340</posy>
											<align>center</align>
											<font>font12m</font>
											<textcolor>FFF0F0F0</textcolor>
											<label>$INFO[ListItem.Label][CR][COLOR FF999999]$INFO[ListItem.Property(Job)][/COLOR]</label>
										</control>
									</control>
								</control>
							</focusedlayout>
						</control>
					</control>
					<control type="group" id="6500">
						<height>540</height>
						<visible>IntegerGreaterThan(Container(650).NumItems,0)</visible>
						<control type="label">
							<posy>6</posy>
							<posx>25</posx>
							<width>500</width>
							<height>25</height>
							<aligny>center</aligny>
							<font>font13m</font>
							<label>$ADDON[script.extendedinfo 32123]$INFO[Container(650).NumItems, (,)]</label>
						</control>
						<control type="image">
							<posx>0</posx>
							<posy>200</posy>
							<width>28</width>
							<height>28</height>
							<texture colordiffuse="$INFO[Window.Property(ImageColor)]" flipx="true">arrowright.png</texture>
							<animation effect="slide" start="30,0" end="0,0" time="200">VisibleChange</animation>
							<animation effect="slide" start="-150" end="0" delay="640" time="320" tween="cubic">WindowOpen</animation>
							<visible>Container(650).HasPrevious + Control.HasFocus(650)</visible>
						</control>
						<control type="image">
							<posx>1883</posx>
							<posy>200</posy>
							<width>28</width>
							<height>28</height>
							<texture colordiffuse="$INFO[Window.Property(ImageColor)]">arrowright.png</texture>
							<animation effect="slide" start="-30,0" end="0,0" time="200">VisibleChange</animation>
							<animation effect="slide" start="150" end="0" delay="640" time="320" tween="cubic">WindowOpen</animation>
							<visible>Container(650).HasNext + Control.HasFocus(650)</visible>
						</control>
						<control type="panel" id="650">
							<posy>30</posy>
							<posx>-45</posx>
							<width>1950</width>
							<height>600</height>
							<onleft>650</onleft>
							<onright>650</onright>
							<onup>550</onup>
							<ondown>350</ondown>
							<scrolltime>200</scrolltime>
							<orientation>horizontal</orientation>
							<animation type="WindowOpen" reversible="false">
								<effect type="slide" start="0,1080" end="0,0" delay="0" tween="sine" time="1300" />
							</animation>
							<itemlayout height="400" width="270">
								<control type="group">
									<control type="image">
										<posy>0</posy>
										<posx>50</posx>
										<width>280</width>
										<height>380</height>
										<texture border="40" colordiffuse="$INFO[Window(home).Property(ImageColor)]">buttons/roundedbutton-nofocus.png</texture>
									</control>
									<control type="group">
										<posx>77</posx>
										<posy>18</posy>
										<control type="image">
											<posy>10</posy>
											<width>224</width>
											<height>325</height>
											<texture background="true" fallback="DefaultVideo.png">$INFO[ListItem.Thumb]</texture>
											<aspectratio aligny="center">scale</aspectratio>
											<fadetime>0</fadetime>
										</control>
										<control type="image">
											<width>55</width>
											<height>55</height>
											<posy>10</posy>
											<posx>169</posx>
											<texture>flags/local.png</texture>
											<visible>!IsEmpty(ListItem.Property(DBID))</visible>
										</control>
										<control type="image">
											<posy>310</posy>
											<width>63</width>
											<height>25</height>
											<texture>common/black.png</texture>
											<animation effect="fade" end="60" time="0" condition="true">Conditional</animation>
											<aspectratio aligny="center">scale</aspectratio>
											<visible>!IsEmpty(ListItem.Year)</visible>
										</control>
										<control type="label">
											<posx>5</posx>
											<posy>310</posy>
											<width>84</width>
											<height>25</height>
											<font>font10m</font>
											<aligny>center</aligny>
											<align>left</align>
											<label>$INFO[ListItem.Year]</label>
										</control>
										<control type="image">
											<posy>10</posy>
											<width>224</width>
											<height>325</height>
											<texture>common/black.png</texture>
											<animation effect="fade" start="100" end="0" time="0" condition="!Control.HasFocus(650)">Conditional</animation>
											<animation effect="fade" end="30" time="0" condition="true">Conditional</animation>
											<aspectratio aligny="center">scale</aspectratio>
										</control>
										<control type="textbox">
											<width>228</width>
											<height>140</height>
											<posx>0</posx>
											<posy>340</posy>
											<align>center</align>
											<font>font12m</font>
											<textcolor>FFF0F0F0</textcolor>
											<label>$INFO[ListItem.Label][CR][COLOR FF999999]$INFO[ListItem.Property(Job)][/COLOR]</label>
										</control>
									</control>
								</control>
							</itemlayout>
							<focusedlayout height="400" width="270">
								<control type="group">
									<control type="image">
										<posy>0</posy>
										<posx>50</posx>
										<width>280</width>
										<height>380</height>
										<texture border="40" colordiffuse="$INFO[Window(home).Property(ImageColor)]">buttons/roundedbutton-nofocus.png</texture>
									</control>
									<control type="image">
										<posy>0</posy>
										<posx>50</posx>
										<width>280</width>
										<height>380</height>
										<texture border="40" colordiffuse="$INFO[Window(home).Property(ImageColor)]">buttons/roundedbutton-focus.png</texture>
										<animation effect="fade" start="0" end="100" time="160">Focus</animation>
										<animation effect="fade" start="0" end="100" time="0">UnFocus</animation>
									</control>
									<control type="group">
										<posx>77</posx>
										<posy>18</posy>
										<control type="image">
											<posy>10</posy>
											<width>224</width>
											<height>325</height>
											<texture background="true" fallback="DefaultVideo.png">$INFO[ListItem.Thumb]</texture>
											<aspectratio aligny="center">scale</aspectratio>
											<fadetime>0</fadetime>
										</control>
										<control type="image">
											<width>55</width>
											<height>55</height>
											<posy>10</posy>
											<posx>169</posx>
											<texture>flags/local.png</texture>
											<visible>!IsEmpty(ListItem.Property(DBID))</visible>
										</control>
										<control type="image">
											<posy>310</posy>
											<width>63</width>
											<height>25</height>
											<texture>common/black.png</texture>
											<animation effect="fade" end="60" time="0" condition="true">Conditional</animation>
											<aspectratio aligny="center">scale</aspectratio>
											<visible>!IsEmpty(ListItem.Year)</visible>
										</control>
										<control type="label">
											<posx>5</posx>
											<posy>310</posy>
											<width>84</width>
											<height>25</height>
											<font>font10m</font>
											<aligny>center</aligny>
											<align>left</align>
											<label>$INFO[ListItem.Year]</label>
										</control>
										<control type="textbox">
											<width>228</width>
											<height>140</height>
											<posx>0</posx>
											<posy>340</posy>
											<align>center</align>
											<font>font12m</font>
											<textcolor>FFF0F0F0</textcolor>
											<label>$INFO[ListItem.Label][CR][COLOR FF999999]$INFO[ListItem.Property(Job)][/COLOR]</label>
										</control>
									</control>
								</control>
							</focusedlayout>
						</control>
					</control>
					<control type="group">
						<visible>IntegerGreaterThan(Container(350).NumItems,0)</visible>
						<height>440</height>
						<control type="label">
							<posy>6</posy>
							<posx>25</posx>
							<width>500</width>
							<height>25</height>
							<aligny>center</aligny>
							<font>font13m</font>
							<label>$ADDON[script.extendedinfo 32118]$INFO[Container(350).NumItems, (,)]</label>
						</control>
						<control type="image">
							<posx>0</posx>
							<posy>150</posy>
							<width>28</width>
							<height>28</height>
							<texture colordiffuse="$INFO[Window.Property(ImageColor)]" flipx="true">arrowright.png</texture>
							<animation effect="slide" start="30,0" end="0,0" time="200">VisibleChange</animation>
							<animation effect="slide" start="-150" end="0" delay="640" time="320" tween="cubic">WindowOpen</animation>
							<visible>Container(350).HasPrevious + Control.HasFocus(350)</visible>
						</control>
						<control type="image">
							<posx>1883</posx>
							<posy>150</posy>
							<width>28</width>
							<height>28</height>
							<texture colordiffuse="$INFO[Window.Property(ImageColor)]">arrowright.png</texture>
							<animation effect="slide" start="-30,0" end="0,0" time="200">VisibleChange</animation>
							<animation effect="slide" start="150" end="0" delay="640" time="320" tween="cubic">WindowOpen</animation>
							<visible>Container(350).HasNext + Control.HasFocus(350)</visible>
						</control>
						<control type="panel" id="350">
							<posx>-45</posx>
							<posy>30</posy>
							<width>1950</width>
							<height>700</height>
							<onleft>250</onleft>
							<onright>250</onright>
							<onup>650</onup>
							<ondown>450</ondown>
							<pagecontrol>60</pagecontrol>
							<scrolltime>300</scrolltime>
							<orientation>horizontal</orientation>
							<preloaditems>2</preloaditems>
							<itemlayout height="410" width="380">
								<control type="image">
									<posy>0</posy>
									<posx>50</posx>
									<width>373</width>
									<height>260</height>
									<texture border="40" colordiffuse="$INFO[Window(home).Property(ImageColor)]">buttons/roundedbutton-nofocus.png</texture>
								</control>
								<control type="group">
									<posx>77</posx>
									<posy>18</posy>
									<control type="image">
										<posy>10</posy>
										<width>320</width>
										<height>200</height>
										<texture background="true" fallback="DefaultVideo.png">$INFO[ListItem.Thumb]</texture>
										<aspectratio aligny="center">scale</aspectratio>
										<fadetime>0</fadetime>
									</control>
									<control type="textbox">
										<width>323</width>
										<height>100</height>
										<posx>0</posx>
										<posy>227</posy>
										<align>center</align>
										<font>font12m</font>
										<textcolor>FFF0F0F0</textcolor>
										<info>ListItem.Label</info>
									</control>
								</control>
							</itemlayout>
							<focusedlayout height="410" width="380">
								<control type="image">
									<posy>0</posy>
									<posx>50</posx>
									<width>373</width>
									<height>260</height>
									<texture border="40" colordiffuse="$INFO[Window(home).Property(ImageColor)]">buttons/roundedbutton-nofocus.png</texture>
								</control>
								<control type="image">
									<posy>0</posy>
									<posx>50</posx>
									<width>373</width>
									<animation effect="fade" start="0" end="100" time="160">Focus</animation>
									<animation effect="fade" start="0" end="100" time="0">UnFocus</animation>
									<height>260</height>
									<texture border="40" colordiffuse="$INFO[Window(home).Property(ImageColor)]">buttons/roundedbutton-focus.png</texture>
								</control>
								<control type="group">
									<posx>77</posx>
									<posy>18</posy>
									<control type="image">
										<posy>10</posy>
										<width>320</width>
										<height>200</height>
										<texture background="true" fallback="DefaultVideo.png">$INFO[ListItem.Thumb]</texture>
										<aspectratio aligny="center">scale</aspectratio>
										<fadetime>0</fadetime>
									</control>
									<control type="textbox">
										<width>323</width>
										<height>100</height>
										<posx>0</posx>
										<posy>227</posy>
										<align>center</align>
										<font>font12m</font>
										<textcolor>FFF0F0F0</textcolor>
										<info>ListItem.Label</info>
									</control>
								</control>
							</focusedlayout>
						</control>
					</control>
					<control type="group" id="4500">
						<height>450</height>
						<visible>IntegerGreaterThan(Container(450).NumItems,0)</visible>
						<control type="label">
							<posy>6</posy>
							<posx>25</posx>
							<width>500</width>
							<height>25</height>
							<aligny>center</aligny>
							<font>font13m</font>
							<label>$ADDON[script.extendedinfo 32119]$INFO[Container(450).NumItems, (,)]</label>
						</control>
						<control type="image">
							<posx>0</posx>
							<posy>200</posy>
							<width>28</width>
							<height>28</height>
							<texture colordiffuse="$INFO[Window.Property(ImageColor)]" flipx="true">arrowright.png</texture>
							<animation effect="slide" start="30,0" end="0,0" time="200">VisibleChange</animation>
							<animation effect="slide" start="-150" end="0" delay="640" time="320" tween="cubic">WindowOpen</animation>
							<visible>Container(450).HasPrevious + Control.HasFocus(450)</visible>
						</control>
						<control type="image">
							<posx>1883</posx>
							<posy>200</posy>
							<width>28</width>
							<height>28</height>
							<texture colordiffuse="$INFO[Window.Property(ImageColor)]">arrowright.png</texture>
							<animation effect="slide" start="-30,0" end="0,0" time="200">VisibleChange</animation>
							<animation effect="slide" start="150" end="0" delay="640" time="320" tween="cubic">WindowOpen</animation>
							<visible>Container(450).HasNext + Control.HasFocus(450)</visible>
						</control>
						<control type="panel" id="450">
							<posy>30</posy>
							<posx>-45</posx>
							<width>1950</width>
							<height>600</height>
							<onleft>450</onleft>
							<onright>450</onright>
							<onup>350</onup>
							<ondown>750</ondown>
							<scrolltime>200</scrolltime>
							<orientation>horizontal</orientation>
							<animation type="WindowOpen" reversible="false">
								<effect type="slide" start="0,1080" end="0,0" delay="0" tween="sine" time="1300" />
							</animation>
							<itemlayout height="400" width="270">
								<control type="group">
									<control type="image">
										<posy>0</posy>
										<posx>50</posx>
										<width>280</width>
										<height>380</height>
										<texture border="40" colordiffuse="$INFO[Window(home).Property(ImageColor)]">buttons/roundedbutton-nofocus.png</texture>
									</control>
									<control type="image">
										<posx>77</posx>
										<posy>28</posy>
										<width>224</width>
										<height>325</height>
										<texture background="true" fallback="DefaultVideo.png">$INFO[ListItem.Thumb]</texture>
										<aspectratio aligny="center">scale</aspectratio>
										<fadetime>0</fadetime>
									</control>
								</control>
							</itemlayout>
							<focusedlayout height="400" width="270">
								<control type="group">
									<control type="image">
										<posy>0</posy>
										<posx>50</posx>
										<width>280</width>
										<height>380</height>
										<texture border="40" colordiffuse="$INFO[Window(home).Property(ImageColor)]">buttons/roundedbutton-nofocus.png</texture>
									</control>
									<control type="image">
										<posy>0</posy>
										<posx>50</posx>
										<width>280</width>
										<height>380</height>
										<texture border="40" colordiffuse="$INFO[Window(home).Property(ImageColor)]">buttons/roundedbutton-focus.png</texture>
										<animation effect="fade" start="0" end="100" time="160">Focus</animation>
										<animation effect="fade" start="0" end="100" time="0">UnFocus</animation>
									</control>
									<control type="group">
										<posx>77</posx>
										<posy>18</posy>
										<control type="image">
											<posy>10</posy>
											<width>224</width>
											<height>325</height>
											<texture background="true" fallback="DefaultVideo.png">$INFO[ListItem.Thumb]</texture>
											<aspectratio aligny="center">scale</aspectratio>
											<fadetime>0</fadetime>
										</control>
									</control>
								</control>
							</focusedlayout>
						</control>
					</control>
					<control type="group" id="7500">
						<height>550</height>
						<visible>IntegerGreaterThan(Container(750).NumItems,0)</visible>
						<control type="label">
							<posx>25</posx>
							<posy>6</posy>
							<width>500</width>
							<height>25</height>
							<aligny>center</aligny>
							<font>font13m</font>
							<label>$LOCALIZE[20445]$INFO[Container(750).NumItems, (,)]</label>
						</control>
						<control type="image">
							<posx>0</posx>
							<posy>200</posy>
							<width>28</width>
							<height>28</height>
							<texture colordiffuse="$INFO[Window.Property(ImageColor)]" flipx="true">arrowright.png</texture>
							<animation effect="slide" start="30,0" end="0,0" time="200">VisibleChange</animation>
							<animation effect="slide" start="-150" end="0" delay="640" time="320" tween="cubic">WindowOpen</animation>
							<visible>Container(750).HasPrevious + Control.HasFocus(750)</visible>
						</control>
						<control type="image">
							<posx>1883</posx>
							<posy>200</posy>
							<width>28</width>
							<height>28</height>
							<texture colordiffuse="$INFO[Window.Property(ImageColor)]">arrowright.png</texture>
							<animation effect="slide" start="-30,0" end="0,0" time="200">VisibleChange</animation>
							<animation effect="slide" start="150" end="0" delay="640" time="320" tween="cubic">WindowOpen</animation>
							<visible>Container(750).HasNext + Control.HasFocus(750)</visible>
						</control>
						<control type="panel" id="750">
							<posy>30</posy>
							<posx>-45</posx>
							<width>1950</width>
							<height>600</height>
							<onleft>750</onleft>
							<onright>750</onright>
							<onup>450</onup>
							<ondown>SetFocus(20001)</ondown>
							<scrolltime>200</scrolltime>
							<orientation>horizontal</orientation>
							<animation type="WindowOpen" reversible="false">
								<effect type="slide" start="0,1080" end="0,0" delay="0" tween="sine" time="1300" />
							</animation>
							<itemlayout height="400" width="665">
								<control type="group">
									<control type="image">
										<posy>0</posy>
										<posx>50</posx>
										<width>560</width>
										<height>380</height>
										<texture border="40" colordiffuse="$INFO[Window(home).Property(ImageColor)]">buttons/roundedbutton-nofocus.png</texture>
									</control>
									<control type="image">
										<posx>77</posx>
										<posy>28</posy>
										<width>505</width>
										<height>325</height>
										<texture background="true" fallback="DefaultVideo.png">$INFO[ListItem.Thumb]</texture>
										<aspectratio aligny="center">scale</aspectratio>
									</control>
									<control type="label">
										<posx>77</posx>
										<posy>350</posy>
										<height>60</height>
										<width>505</width>
										<label>$INFO[ListItem.Title]</label>
										<font>font12_title</font>
										<align>center</align>
										<aligny>center</aligny>
										<scroll>true</scroll>
									</control>
								</control>
							</itemlayout>
							<focusedlayout height="400" width="665">
								<control type="group">
									<control type="image">
										<posy>0</posy>
										<posx>50</posx>
										<width>560</width>
										<height>380</height>
										<texture border="40" colordiffuse="$INFO[Window(home).Property(ImageColor)]">buttons/roundedbutton-nofocus.png</texture>
									</control>
									<control type="image">
										<posy>0</posy>
										<posx>50</posx>
										<width>560</width>
										<height>380</height>
										<texture border="40" colordiffuse="$INFO[Window(home).Property(ImageColor)]">buttons/roundedbutton-focus.png</texture>
										<animation effect="fade" start="0" end="100" time="160">Focus</animation>
										<animation effect="fade" start="0" end="100" time="0">UnFocus</animation>
									</control>
									<control type="image">
										<posx>77</posx>
										<posy>28</posy>
										<width>505</width>
										<height>325</height>
										<texture background="true" fallback="DefaultVideo.png">$INFO[ListItem.Thumb]</texture>
										<aspectratio aligny="center">scale</aspectratio>
									</control>
									<control type="label">
										<posx>77</posx>
										<posy>350</posy>
										<height>60</height>
										<width>505</width>
										<label>$INFO[ListItem.Title]</label>
										<font>font12_title</font>
										<align>center</align>
										<aligny>center</aligny>
										<scroll>true</scroll>
									</control>
								</control>
							</focusedlayout>
						</control>
					</control>
				</control>
			</control>
		</control>
	</controls>
</window>
