<?xml version="1.0" encoding="UTF-8"?>
<addon id="skin.HAYboxKODI17" version="0.0.2" name="HAYbox KODI 17 SKIN" provider-name="Aram Ghamoyan">
	<requires>
		<import addon="xbmc.gui" version="5.11.0"/>
		<import addon="script.skinshortcuts" />
	</requires>
	<extension point="xbmc.gui.skin" debugging="false">
		<res width="1920" height="1080" aspect="16:9" default="true" folder="1080i" />
	</extension>
	<extension point="xbmc.addon.metadata">
		<summary lang="en_GB">Estuary skin Modded by Midraal (original skin by phil65 and Piers).</summary>
		<platform>all</platform>
		<license>CC BY-SA 4.0, GNU GENERAL PUBLIC LICENSE Version 2.0</license>
	</extension>
</addon>
