<?xml version="1.0" encoding="UTF-8"?>
<window id="1119" type="dialog">
	<defaultcontrol always="true">100</defaultcontrol>
	<controls>
	    <control type="group" description='Windows'>
		<visible>System.Platform.Windows</visible>
		<control type="image">
			<left>0</left>
			<top>0</top>
			<width>1920</width>
			<height>1080</height>
			<texture>firsthelp/windows.png</texture>
		</control>
		<control type="button" id="100">
			<description>OK button</description>
			<left>0</left>
			<top>500</top>
			<label>12321</label>
			<font>font30m</font>
			<textcolor>Grey4</textcolor>
			<onclick>Skin.Setbool(FirstTimeRun)</onclick>
			<onclick>back</onclick>
			<onleft>100</onleft>
			<onright>100</onright>
			<onup>100</onup>
			<ondown>100</ondown>
		</control>
		</control>
	    <control type="group" description='Android'>
		<visible>System.Platform.Android</visible>
		<control type="image">
			<left>0</left>
			<top>0</top>
			<width>1920</width>
			<height>1080</height>
			<texture>firsthelp/android.png</texture>
		</control>
		<control type="button" id="100">
			<description>OK button</description>
			<left>0</left>
			<top>500</top>
			<label>12321</label>
			<font>font30m</font>
			<textcolor>Grey4</textcolor>
			<onclick>Skin.Setbool(FirstTimeRun)</onclick>
			<onclick>back</onclick>
			<onleft>100</onleft>
			<onright>100</onright>
			<onup>100</onup>
			<ondown>100</ondown>
		</control>
		</control>
	    <control type="group" description='MacOSX'>
		<visible>System.Platform.OSX</visible>
		<control type="image">
			<left>0</left>
			<top>0</top>
			<width>1920</width>
			<height>1080</height>
			<texture>firsthelp/osx.png</texture>
		</control>
		<control type="button" id="100">
			<description>OK button</description>
			<left>0</left>
			<top>500</top>
			<label>12321</label>
			<font>font30m</font>
			<textcolor>Grey4</textcolor>
			<onclick>Skin.Setbool(FirstTimeRun)</onclick>
			<onclick>back</onclick>
			<onleft>100</onleft>
			<onright>100</onright>
			<onup>100</onup>
			<ondown>100</ondown>
		</control>
		</control>		
	    <control type="group" description='IOS'>
		<visible>System.Platform.IOS</visible>
		<control type="image">
			<left>0</left>
			<top>0</top>
			<width>1920</width>
			<height>1080</height>
			<texture>firsthelp/ios.png</texture>
		</control>
		<control type="button" id="100">
			<description>OK button</description>
			<left>0</left>
			<top>500</top>
			<label>12321</label>
			<font>font30m</font>
			<textcolor>Grey4</textcolor>
			<onclick>Skin.Setbool(FirstTimeRun)</onclick>
			<onclick>back</onclick>
			<onleft>100</onleft>
			<onright>100</onright>
			<onup>100</onup>
			<ondown>100</ondown>
		</control>
		</control>	
	    <control type="group" description='ATV2'>
		<visible>System.Platform.ATV2</visible>
		<control type="image">
			<left>0</left>
			<top>0</top>
			<width>1920</width>
			<height>1080</height>
			<texture>firsthelp/atv.png</texture>
		</control>
		<control type="button" id="100">
			<description>OK button</description>
			<left>0</left>
			<top>500</top>
			<label>12321</label>
			<font>font30m</font>
			<textcolor>Grey4</textcolor>
			<onclick>Skin.Setbool(FirstTimeRun)</onclick>
			<onclick>back</onclick>
			<onleft>100</onleft>
			<onright>100</onright>
			<onup>100</onup>
			<ondown>100</ondown>
		</control>
		</control>	
	</controls>
</window>