<?xml version="1.0" encoding="UTF-8"?>
<window id="1">
  <backgroundcolor>Background</backgroundcolor>
  <defaultcontrol always="true">50</defaultcontrol>
  <allowoverlay>no</allowoverlay>
  <controls>
    <include>Background</include>
    <include>Programviews</include>
    <control type="group" description="Side menu 9000 group">
        <include>menu9000</include>
    </control>
    <include>WindowsTopInfos</include>
    <control type="label" description="Heading">
      <visible>IsEmpty(Container.FolderName)</visible>
      <include>HeadingR</include>
      <label>0</label>
    </control>
  </controls>
</window>
