<?xml version="1.0" encoding="UTF-8"?>
<window>
    <views>17</views>
    <defaultcontrol>17</defaultcontrol>
    <allowoverlay>no</allowoverlay>
    <backgroundcolor>Background</backgroundcolor>
    <include>OpenClose</include>
    <controls>
        <include>Background</include>
        <control type="label" id="29">
            <description>passes the values up one level</description>
            <visible>False</visible>
        </control>
        <control type="label" id="30">
            <description>passes the values up one level</description>
            <visible>False</visible>
        </control>

        <control type="group">
            <description>Small Media Window</description>
            <include>Icon_Fade</include>
            <control type="image">
                <visible>!Player.HasMedia</visible>
                <left>120</left>
                <top>80</top>
                <width>760</width>
                <height>495</height>
                <texture>pvr/tvset.png</texture>
            </control>
            <control type="videowindow">
                <left>120</left>
                <top>80</top>
                <width>760</width>
                <height>495</height>
                <visible>Player.HasVideo</visible>
            </control>
            <control type="visualisation">
                <left>120</left>
                <top>80</top>
                <width>760</width>
                <height>495</height>
                <visible>Player.HasAudio</visible>
            </control>
        </control>
        <control type="group" id="50">
            <include>OpenClose</include>

            <control type="group">
            <description>TV Search group</description>
            <visible>Control.IsVisible(17)</visible>
            <include>VisibleFade</include>
            <include>left_Panel_livetv</include>
            <control type="group">
                <left>1020</left>
                <top>131</top>
                <include>LargeListItemCount</include>
                <control type="fixedlist" id="17">
                    <width>802</width>
                    <height>888</height>
                    <onleft>9000</onleft>
                    <onright condition="Skin.HasSetting(Scrollbars_Passive)">60</onright>
                    <onright condition="!Skin.HasSetting(Scrollbars_Passive)">noop</onright>
                    <onup>17</onup>
                    <ondown>17</ondown>
                    <pagecontrol>60</pagecontrol>
                    <viewtype label="535">list</viewtype>
                    <focusposition>3</focusposition>
                    <movement>4</movement>
                    <preloaditems>4</preloaditems>
                    <scrolltime>250</scrolltime>
                    <itemlayout width="802" height="111">
                        <control type="image">
                            <width>802</width>
                            <height>1</height>
                            <texture>lines/Line.png</texture>
                        </control>
                        <control type="label" description="Main Label">
                            <left>45</left>
                            <width>630</width>
                            <include>BigListTitle</include>
                            <label>$INFO[ListItem.label]</label>
                        </control>
                        <control type="label" description="Label2">
                            <left>45</left>
                            <width>720</width>
                            <include>BigListDetails</include>
                            <label>[B]$INFO[ListItem.ChannelName][/B] - $INFO[ListItem.Date]</label>
                        </control>
                        <include>statusbiglist</include>
                    </itemlayout>
                    <focusedlayout width="802" height="111">
                        <control type="image">
                            <width>802</width>
                            <height>1</height>
                            <texture>lines/Line.png</texture>
                        </control>
                        <control type="image">
                            <width>802</width>
                            <height>111</height>
                            <texture>images/buttonselect1.png</texture>
                            <colordiffuse>445555FF</colordiffuse>
                        </control>
                        <control type="label" description="Main Label">
                            <left>45</left>
                            <width>630</width>
                            <include>BigListTitle</include>
                            <label>$INFO[ListItem.label]</label>
                        </control>
                        <control type="label" description="Label2">
                            <left>45</left>
                            <width>720</width>
                            <include>BigListDetails</include>
                            <label>[B]$INFO[ListItem.ChannelName][/B] - $INFO[ListItem.Date]</label>
                        </control>
                        <include>statusbiglist</include>
                    </focusedlayout>
                </control>
            </control>
            <control type="image">
                <left>1020</left>
                <width>1</width>
                <height>1080</height>
                <texture>lines/LineV.png</texture>
            </control>
            <control type="scrollbar" id="60">
				<visible>Skin.HasSetting(Scrollbars_Active)</visible>
                <left>39r</left>
                <top>135</top>
                <height>870</height>
                <onleft>11</onleft>
                <onright>noop</onright>
            </control>
            <control type="label">
                <description>Page Count Label</description>
                <left>40r</left>
                <top>53r</top>
                <width>500</width>
                <height>20</height>
                <font>font12m</font>
                <textcolor>gray</textcolor>
                <scroll>false</scroll>
                <align>right</align>
                <aligny>center</aligny>
                <label>$LOCALIZE[31000] ([COLOR=White]$INFO[Container(17).CurrentPage]/$INFO[Container(17).NumPages][/COLOR])</label>
            </control>
        </control>

        </control>




         <control type="grouplist">
             <top>40</top>
             <centerleft>1440</centerleft>
            <height>60</height>
        <align>center</align>
        <orientation>horizontal</orientation>
        <control type="label" id="7777" description="Heading">
            <width>auto</width>
            <height>60</height>
            <font>font42</font>
            <scroll>false</scroll>
            <label>137</label>
        </control>
        <control type="label" description="Number of files">
            <width>auto</width>
            <height>70</height>
            <font>font22</font>
            <textcolor>gray</textcolor>
            <label>$INFO[Container.NumItems, (,)]</label>
        </control>
        </control>

          <include>PVRsidemenu</include>
    </controls>
</window>
