<?xml version="1.0" encoding="UTF-8"?>
<window id="34">
  <defaultcontrol always="true">2</defaultcontrol>
  <allowoverlay>no</allowoverlay>
  <include>OpenClose</include>
  <controls>
    <include>Background</include>
    <control type="label" description="Heading">
      <top>70</top>
      <include>Heading</include>
      <label>10034</label>
    </control>
    <control type="togglebutton" id="4" description="Toggle Login Screen">
      <left>610</left>
      <top>160</top>
      <height>81</height>
      <width>700</width>
      <label>$LOCALIZE[20096]:  $LOCALIZE[1223]</label>
      <altlabel>$LOCALIZE[20096]:  $LOCALIZE[305]</altlabel>
      <align>center</align>
      <onright>noop</onright>
      <onleft>noop</onleft>
      <onup>2</onup>
      <ondown>2</ondown>
      <font>font36</font>
      <textoffsetx>20</textoffsetx>
    </control>
    <control type="group" description="List">
      <left>556</left>
      <top>282</top>
      <control type="list" id="2">
        <left>0</left>
        <top>0</top>
        <width>900</width>
        <height>730</height>
        <onleft>noop</onleft>
        <onright>noop</onright>
        <onup>4</onup>
        <ondown>noop</ondown>
        <pagecontrol>60</pagecontrol>
        <scrolltime>280</scrolltime>
		<itemlayout width="802" height="111">
		  <control type="image">
			<height>100</height>
			<width>805</width>
			<include>right_listpanel_unfocused</include>
		  </control>		
          <control type="label" description="Main Label">
            <left>30</left>
            <height>81</height>
            <width>900</width>
            <aligny>center</aligny>
            <font>font36</font>
            <textcolor>White</textcolor>
            <label>$INFO[ListItem.Label]</label>
          </control>
        </itemlayout>
        <focusedlayout width="802" height="111">		  
		  <control type="group"> 
				<animation effect="zoom" time="120" start="100" end="105" center="auto" tween="Back" easing="Out">Focus</animation>
				<control type="image">
				<top>22</top>
				<left>-50</left>
				<height>100</height>
				<width>905</width>
				<include>right_listpanel_focused_shadow</include>
			</control>
			<control type="image">
				<height>100</height>
				<width>805</width>
				<include>right_listpanel_focused</include>
			</control>		  		  
			<control type="label" description="Main Label">
				<left>30</left>
				<height>81</height>
				<width>900</width>
				<aligny>center</aligny>
				<font>font36</font>
				<textcolor>textcolor</textcolor>
				<label>$INFO[ListItem.Label]</label>
			</control>		  
		  </control>  
        </focusedlayout>
      </control>
    </control>
    <control type="image">
      <top>30</top>
      <left>30</left>
      <width>80</width>
      <height>80</height>
      <texture diffuse="images/logindiffuse.png">$INFO[System.ProfileThumb]</texture>
      <aspectratio>stretch</aspectratio>
    </control>
  </controls>
</window>
