<?xml version="1.0" encoding="UTF-8"?>
<window id="129">
  <defaultcontrol always="true">9001</defaultcontrol>
  <allowoverlay>no</allowoverlay>
  <include>DialogOpenClose</include>
  <controls>
    <control type="image">
      <left>195</left>
      <top>90</top>
      <width>1530</width>
      <height>870</height>
      <texture border="150">images/Dialog.png</texture>
    </control>
    <control type="group">
      <left>360</left>
      <top>330</top>
      <control type="label">
        <description>header label</description>
        <left>30</left>
        <top>-60</top>
        <width>1140</width>
        <font>font39B</font>
        <align>center</align>
        <label>21421</label>
      </control>
      <control type="label" description="Rule match label">
        <left>60</left>
        <top>66</top>
        <width>1080</width>
        <align>center</align>
        <textcolor>Grey</textcolor>
        <label>21422</label>
      </control>
      <control type="group" id="9001">
        <control type="spincontrolex" id="15">
          <description>Rule Field</description>
          <left>15</left>
          <top>150</top>
          <width>600</width>
          <font>-</font>
          <onright>16</onright>
          <onleft>16</onleft>
          <onup>9000</onup>
          <ondown>17</ondown>
          <texturenofocus border="8">images/Black.png</texturenofocus>
        </control>
        <control type="label">
          <description>Rule Field label</description>
          <left>30</left>
          <top>150</top>
          <width>450</width>
          <label>$INFO[Control.GetLabel(15)]</label>
        </control>
        <control type="spincontrolex" id="16">
          <description>Rule operator</description>
          <left>622</left>
          <top>150</top>
          <width>570</width>
          <font>-</font>
          <onright>15</onright>
          <onleft>15</onleft>
          <onup>9000</onup>
          <ondown>17</ondown>
          <texturenofocus border="8">images/Black.png</texturenofocus>
        </control>
        <control type="label">
          <description>Rule Field label</description>
          <left>638</left>
          <top>150</top>
          <width>450</width>
          <label>$INFO[Control.GetLabel(16)]</label>
        </control>
      </control>
      <control type="edit" id="17">
        <description>Value Button</description>
        <left>15</left>
        <top>234</top>
        <width>918</width>
        <label>-</label>
        <onup>9001</onup>
        <onleft>20</onleft>
        <onright>20</onright>
        <ondown>9000</ondown>
        <texturenofocus border="8">images/Black.png</texturenofocus>
        <texturefocus flipy="true" border="8">images/Buttonselect.png</texturefocus>
      </control>
      <control type="button" id="20">
        <description>Browse Button</description>
        <left>938</left>
        <top>234</top>
        <width>255</width>
        <label>1024</label>
        <onup>9001</onup>
        <onleft>17</onleft>
        <onright>17</onright>
        <ondown>9000</ondown>
        <texturenofocus border="8">images/Black.png</texturenofocus>
      </control>
      <control type="group" id="9000">
        <control type="button" id="18">
          <description>Ok Button</description>
          <left>278</left>
          <top>366</top>
          <width>300</width>
          <label>186</label>
          <onup>17</onup>
          <onleft>19</onleft>
          <onright>19</onright>
          <ondown>9001</ondown>
          <texturenofocus border="8">images/Black.png</texturenofocus>
        </control>
        <control type="button" id="19">
          <description>Cancel Button</description>
          <left>622</left>
          <top>366</top>
          <width>300</width>
          <label>222</label>
          <onup>17</onup>
          <onleft>18</onleft>
          <onright>19</onright>
          <ondown>9001</ondown>
          <texturenofocus border="8">images/Black.png</texturenofocus>
        </control>
      </control>
    </control>
  </controls>
</window>
