<?xml version="1.0" encoding="UTF-8"?>
<window id="1117">
    <defaultcontrol always="true">50</defaultcontrol>
    <include>OpenClose</include>
    <controls>
        <include>BlackBackground</include>
        <control type="label" description="Heading">
			<top>60</top>
            <width>1920</width>
            <height>55</height>
            <font>size38B</font>
            <align>center</align>
            <textcolor>White</textcolor>
            <label>LET OP: In dit menu kunt u start menu items in of uitschakelen.
Zodra er meer dan 8 menu items zijn ingeschakeld kunt u naar beneden scollen op het hoofdscherm!)</label>
        </control>
        <control type="group">
            <control type="image" description="Line bottom">
                <top>300</top>
                <width>1920</width>
                <height>1</height>
                <texture>images/Line1.png</texture>
            </control>
            <control type="group">
                <control type="panel" id="50">
                    <width>1800</width>
                    <height>600</height>
                    <top>310</top>
                    <left>60</left>
                    <onleft>50</onleft>
                    <onright>50</onright>
                    <onup>520</onup>
                    <ondown>noop</ondown>
                    <scrolltime tween="sine" easing="inout">280</scrolltime>
                    <itemlayout height="300" width="300">
                        <control type="Image" description="THUMB">
                            <visible>!IsEmpty(Listitem.thumb)</visible>
                            <left>20</left>
                            <top>48</top>
                            <height>168</height>
                            <width>260</width>
                            <texture diffuse="images/diffusehome.png">$INFO[ListItem.thumb]</texture>
                            <aspectratio scalediffuse="false">scale</aspectratio>
                        </control>
                        <control type="Image" description="THUMB">
                            <visible>IsEmpty(Listitem.thumb)</visible>
                            <left>20</left>
                            <top>48</top>
                            <height>168</height>
                            <width>260</width>
                            <texture diffuse="images/diffusehome.png">$INFO[ListItem.label2]</texture>
                            <aspectratio scalediffuse="false">scale</aspectratio>
                        </control>
                        <control type="label" description="Main Label">
                            <centerleft>150</centerleft>
                            <top>220</top>
                            <width>300</width>
                            <height>24</height>
                            <align>center</align>
                            <label>$INFO[ListItem.Label]</label>
                        </control>
                    </itemlayout>
                    <focusedlayout  height="230" width="370">
                        <control type="group">
                            <animation effect="zoom" start="100" end="130" time="120" center="auto" tween="Back" easing="Out">Focus</animation>
                            <animation effect="zoom" start="130" end="100" time="120" center="auto">unFocus</animation>
                            <control type="image">
                                <top>40</top>
                                <height>184</height>
                                <width>300</width>
                                <texture>images/atvslider.png</texture>
                            </control>
                            <control type="Image" description="THUMB">
                                <visible>!IsEmpty(Listitem.thumb)</visible>
                                <left>20</left>
                                <top>48</top>
                                <height>168</height>
                                <width>260</width>
                                <texture diffuse="images/diffusehome.png">$INFO[ListItem.thumb]</texture>
                                <aspectratio scalediffuse="false">scale</aspectratio>
                            </control>
                            <control type="Image" description="THUMB">
                                <visible>IsEmpty(Listitem.thumb)</visible>
                                <left>20</left>
                                <top>48</top>
                                <height>168</height>
                                <width>260</width>
                                <texture diffuse="images/diffusehome.png">$INFO[ListItem.label2]</texture>
                                <aspectratio scalediffuse="false">scale</aspectratio>
                            </control>
                            <control type="label" description="Main Label">
                                <centerleft>150</centerleft>
                                <top>220</top>
                                <width>300</width>
                                <height>24</height>
                                <align>center</align>
                                <label>$INFO[ListItem.Label]</label>
                            </control>
                        </control>
                    </focusedlayout>
                    <content>
                        <item id="1006" description="Weather">
                            <visible>!Skin.HasSetting(hidewtr)</visible>
                            <thumb>icons/weather.png</thumb>
                            <label>$LOCALIZE[8]</label>
                            <onclick>Skin.ToggleSetting(hidewtr)</onclick>
						</item>	
                        <item id="1006" description="Weather">
                            <visible>Skin.HasSetting(hidewtr)</visible>
                            <thumb>help/off.png</thumb>
                            <label>$LOCALIZE[8]</label>
                            <onclick>Skin.ToggleSetting(hidewtr)</onclick>
                        </item>
                        <!--item id="356">
                          <visible>!Skin.HasSetting(3dmovs)</visible>
                          <thumb>help/off.png</thumb>
                          <label>3D $LOCALIZE[342]</label>
                          <onclick>Skin.ToggleSetting(3dmovs)</onclick>
                        </item>
                        <item id="356">
                          <visible>Skin.HasSetting(3dmovs)</visible>
                          <thumb>icons/3d.png</thumb>
                          <label>3D $LOCALIZE[342]</label>
                          <onclick>Skin.ToggleSetting(3dmovs)</onclick>
                        </item-->
                        <item id="1014">
                            <visible>System.GetBool(pvrmanager.enabled) + !Skin.HasSetting(PVRhide)</visible>
                            <thumb>icons/LiveTV.png</thumb>
                            <label>Live Tv(Pvr)</label>
                            <onclick>Skin.ToggleSetting(PVRhide)</onclick>
                        </item>
                        <item id="1014">
                            <visible>System.GetBool(pvrmanager.enabled) + Skin.HasSetting(PVRhide)</visible>
                            <thumb>help/off.png</thumb>
                            <label>Live Tv(Pvr)</label>
                            <onclick>Skin.ToggleSetting(PVRhide)</onclick>
                        </item>
                        <item id="1014">
                            <visible>!System.GetBool(pvrmanager.enabled)</visible>
                            <thumb>help/off.png</thumb>
                            <label>Live Tv(Pvr)</label>
                            <onclick>ActivateWindow(pvrsettings)</onclick>
                        </item>
						<item id="601" description="HomeFav">
                            <visible>!Skin.HasSetting(hidehomefav1)</visible>
                            <thumb>$INFO[Skin.String(HomeFav.1.Icon)]</thumb>
                            <label>Films</label>
                            <onclick>Skin.ToggleSetting(hidehomefav1)</onclick>
                        </item>
                        <item id="601" description="HomeFav">
                            <visible>Skin.HasSetting(hidehomefav1)</visible>
                            <thumb>help/off.png</thumb>
                            <label>Films</label>
                            <onclick>Skin.ToggleSetting(hidehomefav1)</onclick>
                        </item>
						<item id="602" description="HomeFav">
                            <visible>!Skin.HasSetting(hidehomefav2)</visible>
                            <thumb>$INFO[Skin.String(HomeFav.2.Icon)]</thumb>
                            <label>Series</label>
                            <onclick>Skin.ToggleSetting(hidehomefav2)</onclick>
                        </item>
                        <item id="602" description="HomeFav">
                            <visible>Skin.HasSetting(hidehomefav2)</visible>
                            <thumb>help/off.png</thumb>
                            <label>Series</label>
                            <onclick>Skin.ToggleSetting(hidehomefav2)</onclick>
                        </item>
						<item id="603" description="HomeFav">
                            <visible>!Skin.HasSetting(hidehomefav3)</visible>
                            <thumb>$INFO[Skin.String(HomeFav.3.Icon)]</thumb>
                            <label>Live Tv</label>
                            <onclick>Skin.ToggleSetting(hidehomefav3)</onclick>
                        </item>
                        <item id="603" description="HomeFav">
                            <visible>Skin.HasSetting(hidehomefav3)</visible>
                            <thumb>help/off.png</thumb>
                            <label>Live Tv</label>
                            <onclick>Skin.ToggleSetting(hidehomefav3)</onclick>
                        </item>
						<item id="604" description="HomeFav">
                            <visible>!Skin.HasSetting(hidehomefav4)</visible>
                            <thumb>$INFO[Skin.String(HomeFav.4.Icon)]</thumb>
                            <label>Muziek</label>
                            <onclick>Skin.ToggleSetting(hidehomefav4)</onclick>
                        </item>
                        <item id="604" description="HomeFav">
                            <visible>Skin.HasSetting(hidehomefav4)</visible>
                            <thumb>help/off.png</thumb>
                            <label>Muziek</label>
                            <onclick>Skin.ToggleSetting(hidehomefav4)</onclick>
                        </item>
						<item id="605" description="HomeFav">
                            <visible>!Skin.HasSetting(hidehomefav5)</visible>
                            <thumb>$INFO[Skin.String(HomeFav.5.Icon)]</thumb>
                            <label>Sport</label>
                            <onclick>Skin.ToggleSetting(hidehomefav5)</onclick>
                        </item>
                        <item id="605" description="HomeFav">
                            <visible>Skin.HasSetting(hidehomefav5)</visible>
                            <thumb>help/off.png</thumb>
                            <label>Sport</label>
                            <onclick>Skin.ToggleSetting(hidehomefav5)</onclick>
                        </item>
						<item id="606" description="HomeFav">
                            <visible>!Skin.HasSetting(hidehomefav6)</visible>
                            <thumb>$INFO[Skin.String(HomeFav.6.Icon)]</thumb>
                            <label>Uitzending gemist</label>
                            <onclick>Skin.ToggleSetting(hidehomefav6)</onclick>
                        </item>
                        <item id="606" description="HomeFav">
                            <visible>Skin.HasSetting(hidehomefav6)</visible>
                            <thumb>help/off.png</thumb>
                            <label>Uitzending gemist</label>
                            <onclick>Skin.ToggleSetting(hidehomefav6)</onclick>
                        </item>
						<item id="607" description="HomeFav">
                            <visible>!Skin.HasSetting(hidehomefav7)</visible>
                            <thumb>$INFO[Skin.String(HomeFav.7.Icon)]</thumb>
                            <label>Kidszone</label>
                            <onclick>Skin.ToggleSetting(hidehomefav7)</onclick>
                        </item>
                        <item id="607" description="HomeFav">
                            <visible>Skin.HasSetting(hidehomefav7)</visible>
                            <thumb>help/off.png</thumb>
                            <label>Kidszone</label>
                            <onclick>Skin.ToggleSetting(hidehomefav7)</onclick>
                        </item>
						<item id="608" description="HomeFav">
                            <visible>!Skin.HasSetting(hidehomefav8)</visible>
                            <thumb>$INFO[Skin.String(HomeFav.8.Icon)]</thumb>
                            <label>XXX</label>
                            <onclick>Skin.ToggleSetting(hidehomefav8)</onclick>
                        </item>
                        <item id="608" description="HomeFav">
                            <visible>Skin.HasSetting(hidehomefav8)</visible>
                            <thumb>help/off.png</thumb>
                            <label>XXX</label>
                            <onclick>Skin.ToggleSetting(hidehomefav8)</onclick>
						</item>
						<item id="610" description="HomeFav">
                            <visible>!Skin.HasSetting(hidehomefav10)</visible>
                            <thumb>$INFO[Skin.String(HomeFav.10.Icon)]</thumb>
                            <label>Documentaires</label>
                            <onclick>Skin.ToggleSetting(hidehomefav10)</onclick>
                        </item>
                        <item id="610" description="HomeFav">
                            <visible>Skin.HasSetting(hidehomefav10)</visible>
                            <thumb>help/off.png</thumb>
                            <label>Documentaires</label>
                            <onclick>Skin.ToggleSetting(hidehomefav10)</onclick>
						</item>
						<item id="611" description="HomeFav">
                            <visible>!Skin.HasSetting(hidehomefav11)</visible>
                            <thumb>$INFO[Skin.String(HomeFav.11.Icon)]</thumb>
                            <label>Voor Haar</label>
                            <onclick>Skin.ToggleSetting(hidehomefav11)</onclick>
                        </item>
                        <item id="611" description="HomeFav">
                            <visible>Skin.HasSetting(hidehomefav11)</visible>
                            <thumb>help/off.png</thumb>
                            <label>Voor Haar</label>
                            <onclick>Skin.ToggleSetting(hidehomefav11)</onclick>
						</item>
                        <item id="1011" description="Sources">
                            <visible>!Skin.HasSetting(hideSources)</visible>
                            <thumb>icons/Media locaties.png</thumb>
                            <label>20094</label>
                            <onclick>Skin.ToggleSetting(hideSources)</onclick>
                        </item>
                        <item id="1011" description="Sources">
                            <visible>Skin.HasSetting(hideSources)</visible>
                            <thumb>help/off.png</thumb>
                            <label>20094</label>
                            <onclick>Skin.ToggleSetting(hideSources)</onclick>
                        </item>
						<item id="1012" description="Favourites">
							<visible>!Skin.HasSetting(hidefav)</visible>
							<thumb>icons/favs.png</thumb>
							<label>$LOCALIZE[1036]</label>
							<onclick>Skin.ToggleSetting(hidefav)</onclick>
						</item>
						<item id="1012" description="Favourites">
							<visible>Skin.HasSetting(hidefav)</visible>
							<thumb>help/off.png</thumb>
							<label>$LOCALIZE[1036]</label>
							<onclick>Skin.ToggleSetting(hidefav)</onclick>
						</item>
                        <!--<item id="1009" description="RSS">
                          <visible>!Skin.HasSetting(hiderss)</visible>
                          <thumb>icons/RSS.png</thumb>
                          <label>RSS</label>
                          <onclick>Skin.ToggleSetting(hiderss)</onclick>
                        </item>
                        <item id="1009" description="RSS">
                          <visible>Skin.HasSetting(hiderss)</visible>
                          <thumb>help/off.png</thumb>
                          <label>RSS</label>
                          <onclick>Skin.ToggleSetting(hiderss)</onclick>
                        </item>-->

                        
                    </content>
                </control>
            </control>
        </control>
        <control type="group" id="520">
            <visible>Container(50).HasFocus(1003)</visible>
            <top>30</top>
            <left>40</left>
            <control type="label">
                <top>40</top>
                <left>800</left>
                <visible>Skin.HasSetting(MusicShelf_Custom)</visible>
                <width>1000</width>
                <textcolor>Grey2</textcolor>
                <font>Size22</font>
                <label>Scroll Right to Add > 5 Addons > 5 Favourites</label>
            </control>
            <control type="radiobutton" id="300" description="Auto">
                <visible>Library.HasContent(Music) | Library.HasContent(MusicVideos)</visible>
                <include>SettingsSubmenuButtons</include>
                <onup>50</onup>
                <ondown>303</ondown>
                <label>359</label>
                <selected>!Skin.HasSetting(MusicShelf_Custom)</selected>
                <enable>!Skin.HasSetting(hidemusic)</enable>
                <onclick>Skin.Reset(MusicShelf_Custom)</onclick>
            </control>
            <control type="radiobutton" id="303" description="Custom">
                <top>55</top>
                <onup>300</onup>
                <ondown>52</ondown>
                <include>SettingsSubmenuButtons</include>
                <label>31051</label>
                <onclick>Skin.ToggleSetting(MusicShelf_Custom)</onclick>
                <selected>Skin.HasSetting(MusicShelf_Custom)</selected>
                <enable>!Skin.HasSetting(hidemusic)</enable>
            </control>
        </control>
        <control type="panel" id="52">
            <enable>!Skin.HasSetting(hidemusic)</enable>
            <visible>Container(50).HasFocus(1003)</visible>
            <visible>Skin.HasSetting(MusicShelf_Custom)</visible>
            <include>CustomizerList</include>
            <content>
                <item id="1" description="ADDONS">
                    <label>$INFO[system.addonTitle(Skin.String(ShelfMusic.1.Label))]</label>
                    <label2>24000</label2>
                    <thumb>$INFO[system.addonicon(Skin.String(ShelfMusic.1.Label))]</thumb>
                    <onclick>Skin.SetAddon(ShelfMusic.1.Label,xbmc.python.pluginsource)</onclick>
                </item>
                <item id="2" description="ADDONS">
                    <label>$INFO[system.addonTitle(Skin.String(ShelfMusic.2.Label))]</label>
                    <label2>24000</label2>
                    <thumb>$INFO[system.addonicon(Skin.String(ShelfMusic.2.Label))]</thumb>
                    <onclick>Skin.SetAddon(ShelfMusic.2.Label,xbmc.python.pluginsource)</onclick>
                </item>
                <item id="3" description="ADDONS">
                    <label>$INFO[system.addonTitle(Skin.String(ShelfMusic.3.Label))]</label>
                    <label2>24000</label2>
                    <thumb>$INFO[system.addonicon(Skin.String(ShelfMusic.3.Label))]</thumb>
                    <onclick>Skin.SetAddon(ShelfMusic.3.Label,xbmc.python.pluginsource)</onclick>
                </item>
                <item id="4" description="ADDONS">
                    <label>$INFO[system.addonTitle(Skin.String(ShelfMusic.4.Label))]</label>
                    <label2>24000</label2>
                    <thumb>$INFO[system.addonicon(Skin.String(ShelfMusic.4.Label))]</thumb>
                    <onclick>Skin.SetAddon(ShelfMusic.4.Label,xbmc.python.pluginsource)</onclick>
                </item>
                <item id="5" description="ADDONS">
                    <label>$INFO[system.addonTitle(Skin.String(ShelfMusic.5.Label))]</label>
                    <label2>24000</label2>
                    <thumb>$INFO[system.addonicon(Skin.String(ShelfMusic.5.Label))]</thumb>
                    <onclick>Skin.SetAddon(ShelfMusic.5.Label,xbmc.python.pluginsource)</onclick>
                </item>
                <item id="6" description="fav">
                    <label>$INFO[Skin.String(ShelfMusic.6.Label)]</label>
                    <label2>31029</label2>
                    <thumb>$INFO[Skin.String(ShelfMusic.6.Icon)]</thumb>
                    <onclick>RunScript(script.favourites,property=ShelfMusic.6)</onclick>
                </item>
                <item id="7" description="fav">
                    <label>$INFO[Skin.String(ShelfPictures.7.Label)]</label>
                    <label2>31029</label2>
                    <thumb>$INFO[Skin.String(ShelfMusic.7.Icon)]</thumb>
                    <onclick>RunScript(script.favourites,property=ShelfMusic.7)</onclick>
                </item>
                <item id="8" description="fav">
                    <label>$INFO[Skin.String(ShelfPictures.8.Label)]</label>
                    <label2>31029</label2>
                    <thumb>$INFO[Skin.String(ShelfMusic.8.Icon)]</thumb>
                    <onclick>RunScript(script.favourites,property=ShelfMusic.8)</onclick>
                </item>
                <item id="9" description="fav">
                    <label>$INFO[Skin.String(ShelfPictures.9.Label)]</label>
                    <label2>31029</label2>
                    <thumb>$INFO[Skin.String(ShelfMusic.9.Icon)]</thumb>
                    <onclick>RunScript(script.favourites,property=ShelfMusic.9)</onclick>
                </item>
                <item id="10" description="fav">
                    <label>$INFO[Skin.String(ShelfPictures.10.Label)]</label>
                    <label2>31029</label2>
                    <thumb>$INFO[Skin.String(ShelfMusic.10.Icon)]</thumb>
                    <onclick>RunScript(script.favourites,property=ShelfMusic.10)</onclick>
                </item>
            </content>
        </control>
        <control type="group" id="520" description="PICTURES">
            <visible>Container(50).HasFocus(1004)</visible>
            <top>30</top>
            <left>40</left>
            <control type="label">
                <top>40</top>
                <left>20</left>
                <visible>Skin.HasSetting(PicturesShelf_Custom)</visible>
                <width>1000</width>
                <textcolor>Grey2</textcolor>
                <font>Size22</font>
                <label>Scroll Right to Add > 5 Addons > 5 Scripts > 3 Favourites</label>
            </control>
            <control type="radiobutton" id="303" description="Custom">
                <onup>300</onup>
                <ondown>52</ondown>
                <include>SettingsSubmenuButtons</include>
                <label>31051</label>
                <onclick>Skin.ToggleSetting(PicturesShelf_Custom)</onclick>
                <selected>Skin.HasSetting(PicturesShelf_Custom)</selected>
            </control>
        </control>
        <control type="group" description="All dialog content">
            <visible allowhiddenfocus="true">ControlGroup(9000).HasFocus()</visible>
            <control type="image">
                <left>444</left>
                <top>155</top>
                <width>1023</width>
                <height>662</height>
                <texture border="150">images/Dialog.png</texture>
            </control>
        </control>
        <control type="group" id="520" description="WEATHER">
            <top>60</top>
            <left>60</left>
            <visible>Container(50).HasFocus(1006)</visible>
            <control type="label">
                <left>450</left>
                <top>80</top>
                <width>900</width>
                <height>60</height>
                <align>center</align>
                <textcolor>Grey</textcolor>
                <font>Size26</font>
                <label>$LOCALIZE[35500]:</label>
            </control>
            <control type="label">
                <left>450</left>
                <top>150</top>
                <width>900</width>
                <height>60</height>
                <align>center</align>
                <font>Size60B</font>
                <label>$INFO[Weather.Location]</label>
            </control>
            <control type="button" id="100">
                <ondown>50</ondown>
                <left>750</left>
                <top>250</top>
                <width>300</width>
                <height>60</height>
                <align>center</align>
                <label>5</label>
                <enable>!Skin.HasSetting(hidewtr)</enable>
                <onclick>activatewindow(weathersettings)</onclick>
            </control>
        </control>
        <control type="group" id="521" description="WEATHER">
            <top>60</top>
            <left>60</left>
            <visible>Container(50).HasFocus(356)</visible>
            <control type="textbox">
                <left>450</left>
                <top>100</top>
                <width>900</width>
                <height>300</height>
                <align>center</align>
                <textcolor>Grey2</textcolor>
                <font>Size26</font>
                <label>$LOCALIZE[31061]</label>
            </control>
        </control>
    </controls>
</window>
